task,sample_id,case_id,field_name,attempted_calls,successful_calls,unique_successful_outputs,all_repeats_exactly_equal,null_state_stable,numeric_range,field_class,declared_type,historical_null_status
extraction,EXT-01-3b14f3a6cd35,1,comparison,3,3,3,false,false,,categorical,categorical,null
extraction,EXT-01-3e7effe3d288,1,ci_lower,3,3,1,true,true,0.0,potentially_synthesis_critical,numeric,nonnull
extraction,EXT-01-4d3f8bc82b5e,1,effect_size,3,3,1,true,true,,potentially_synthesis_critical,numeric,null
extraction,EXT-01-4f22f8bf0a39,1,sample_size,3,3,2,false,true,,potentially_synthesis_critical,numeric,nonnull
extraction,EXT-01-6c4628b565fa,1,outcome,3,3,3,false,true,,categorical,categorical,nonnull
extraction,EXT-01-74ff18794044,1,country,3,3,2,false,true,,categorical,categorical,nonnull
extraction,EXT-01-7896be00e53d,1,ci_lower,3,3,1,true,true,,potentially_synthesis_critical,numeric,null
extraction,EXT-01-8169af27df40,1,study_design,3,3,1,true,true,,categorical,categorical,null
extraction,EXT-01-83b7f91fb02b,1,comparison,3,3,2,false,true,,categorical,categorical,null
extraction,EXT-01-930e194a7cab,1,study_design,3,3,2,false,true,,categorical,categorical,nonnull
extraction,EXT-01-be33396abce8,1,study_design,3,3,3,false,true,,categorical,categorical,null
extraction,EXT-01-c90084204630,1,intervention,3,3,2,false,true,,categorical,categorical,nonnull
extraction,EXT-01-dea01b31ef80,1,ci_lower,3,3,1,true,true,,potentially_synthesis_critical,numeric,null
extraction,EXT-01-e3532b460812,1,ci_upper,3,3,1,true,true,,potentially_synthesis_critical,numeric,null
extraction,EXT-01-e8ff500847c7,1,sample_size,3,3,1,true,true,,potentially_synthesis_critical,numeric,null
extraction,EXT-01-ed5aa669382f,1,country,3,3,1,true,true,,categorical,categorical,nonnull
extraction,EXT-01-f3a986476ff8,1,sample_size,3,3,1,true,true,0.0,potentially_synthesis_critical,numeric,nonnull
extraction,EXT-02-15ec72e1a207,2,effect_size,3,3,1,true,true,,potentially_synthesis_critical,numeric,nonnull
extraction,EXT-02-2129103436b8,2,country,3,3,1,true,true,,categorical,categorical,null
extraction,EXT-02-46fc406a6ab2,2,outcome,3,3,2,false,true,,categorical,categorical,nonnull
extraction,EXT-02-52c29dd15375,2,intervention,3,3,2,false,true,,categorical,categorical,nonnull
extraction,EXT-02-80c57fb772f7,2,ci_lower,3,3,1,true,true,,potentially_synthesis_critical,numeric,null
extraction,EXT-02-8f70af6699e9,2,sample_size,3,3,2,false,true,,potentially_synthesis_critical,numeric,nonnull
extraction,EXT-02-954b3d790b91,2,ci_upper,3,3,1,true,true,,potentially_synthesis_critical,numeric,null
extraction,EXT-02-cd58cc5a4348,2,outcome,3,3,3,false,true,,categorical,categorical,nonnull
extraction,EXT-02-fba15fa47f9a,2,country,3,3,1,true,true,,categorical,categorical,null
extraction,EXT-02-fd3ed22c8a46,2,country,3,3,1,true,true,,categorical,categorical,null
extraction,EXT-02-fe951dbb9109,2,ci_lower,3,3,1,true,true,,potentially_synthesis_critical,numeric,null
extraction,EXT-03-01a9cb7284c9,3,sample_size,3,3,1,true,true,,potentially_synthesis_critical,numeric,null
extraction,EXT-03-0395076d83df,3,drug,3,3,3,false,true,,categorical,categorical,nonnull
extraction,EXT-03-0aed91fae3f9,3,drug,3,3,1,true,true,,categorical,categorical,null
extraction,EXT-03-0ffcb0ef0cdf,3,follow_up_years,3,3,1,true,true,0.0,other_numeric,numeric,nonnull
extraction,EXT-03-2c463888b2fa,3,drug,3,3,3,false,true,,categorical,categorical,null
extraction,EXT-03-3371d815fb4c,3,sample_size,3,3,1,true,true,0.0,potentially_synthesis_critical,numeric,nonnull
extraction,EXT-03-3815dc5193a4,3,study_design,3,3,3,false,true,,categorical,categorical,nonnull
extraction,EXT-03-416674a813bf,3,hazard_ratio,3,3,1,true,true,,potentially_synthesis_critical,numeric,null
extraction,EXT-03-4556112b615b,3,ci_lower,3,3,2,false,true,,potentially_synthesis_critical,numeric,null
extraction,EXT-03-511cc5a928b5,3,ci_lower,3,3,1,true,true,0.0,potentially_synthesis_critical,numeric,nonnull
extraction,EXT-03-6123a5b6bcd3,3,ci_upper,3,3,3,false,true,,potentially_synthesis_critical,numeric,null
extraction,EXT-03-687a1bdc2d26,3,follow_up_years,3,3,1,true,true,,other_numeric,numeric,null
extraction,EXT-03-6f31e497f313,3,drug,3,3,1,true,true,,categorical,categorical,null
extraction,EXT-03-74aaf5f1d00a,3,sample_size,3,3,1,true,true,,potentially_synthesis_critical,numeric,null
extraction,EXT-03-75a97af99a58,3,sample_size,3,3,1,true,true,0.0,potentially_synthesis_critical,numeric,nonnull
extraction,EXT-03-7da72ad6c81a,3,sample_size,3,3,1,true,true,0.0,potentially_synthesis_critical,numeric,null
extraction,EXT-03-905c9db636a2,3,follow_up_years,3,3,1,true,true,,other_numeric,numeric,null
extraction,EXT-03-9212eda1b6ab,3,sample_size,3,3,1,true,true,0.0,potentially_synthesis_critical,numeric,nonnull
extraction,EXT-03-952a7220fb78,3,follow_up_years,3,3,1,true,true,0.0,other_numeric,numeric,null
extraction,EXT-03-996328e92301,3,follow_up_years,3,3,1,true,true,,other_numeric,numeric,nonnull
extraction,EXT-03-a24f3b902011,3,follow_up_years,3,3,1,true,true,,other_numeric,numeric,null
extraction,EXT-03-a2ad92ccfd2d,3,follow_up_years,3,3,1,true,true,,other_numeric,numeric,nonnull
extraction,EXT-03-a966c137afcc,3,hazard_ratio,3,3,2,false,false,,potentially_synthesis_critical,numeric,nonnull
extraction,EXT-03-b12e96d27575,3,country,3,3,1,true,true,,categorical,categorical,null
extraction,EXT-03-b8546f9becfc,3,follow_up_years,3,3,1,true,true,0.0,other_numeric,numeric,null
extraction,EXT-03-bc690ed51bd1,3,follow_up_years,3,3,1,true,true,0.0,other_numeric,numeric,nonnull
extraction,EXT-03-c19c7dbae355,3,ci_lower,3,3,1,true,true,,potentially_synthesis_critical,numeric,null
extraction,EXT-03-c1e9749d1431,3,ci_upper,3,3,1,true,true,0.0,potentially_synthesis_critical,numeric,null
extraction,EXT-03-c698d92d6890,3,follow_up_years,3,3,1,true,true,0.0,other_numeric,numeric,nonnull
extraction,EXT-03-d347430ed50e,3,country,3,3,2,false,false,,categorical,categorical,null
extraction,EXT-03-d361f499e4a9,3,follow_up_years,3,3,2,false,true,,other_numeric,numeric,null
extraction,EXT-03-d71666b67610,3,ci_upper,3,3,1,true,true,0.0,potentially_synthesis_critical,numeric,nonnull
extraction,EXT-03-d93cbeb3ad18,3,hazard_ratio,3,3,1,true,true,,potentially_synthesis_critical,numeric,null
extraction,EXT-03-e0b6682b4065,3,country,3,3,1,true,true,,categorical,categorical,null
extraction,EXT-03-e76d263258dd,3,hazard_ratio,3,3,1,true,true,,potentially_synthesis_critical,numeric,null
extraction,EXT-03-e85051d5d730,3,study_design,3,3,3,false,true,,categorical,categorical,nonnull
extraction,EXT-03-e92cb1d6a948,3,follow_up_years,3,3,1,true,true,,other_numeric,numeric,nonnull
extraction,EXT-03-e994df94c0e6,3,study_design,3,3,2,false,true,,categorical,categorical,nonnull
extraction,EXT-03-f8eead658f33,3,sample_size,3,3,1,true,true,,potentially_synthesis_critical,numeric,null
extraction,EXT-03-fa3a129f572b,3,follow_up_years,3,3,2,false,true,,other_numeric,numeric,null
extraction,EXT-04-08fb77f68ac9,4,study_design,3,3,3,false,true,,categorical,categorical,nonnull
extraction,EXT-04-0927c242c615,4,sample_size,3,3,1,true,true,,potentially_synthesis_critical,numeric,null
extraction,EXT-04-09d0594e9d04,4,study_design,3,3,2,false,true,,categorical,categorical,null
extraction,EXT-04-152ad96fc064,4,auc,3,3,2,false,true,,potentially_synthesis_critical,numeric,nonnull
extraction,EXT-04-2c76d2e8b830,4,auc,3,3,3,false,true,,potentially_synthesis_critical,numeric,nonnull
extraction,EXT-04-310eeddfd082,4,ai_model_type,3,3,3,false,true,,categorical,categorical,nonnull
extraction,EXT-04-323adbfdb612,4,imaging_modality,3,3,1,true,true,,categorical,categorical,null
extraction,EXT-04-39f3d9934a7c,4,imaging_modality,3,3,3,false,false,,categorical,categorical,null
extraction,EXT-04-3d418d77d008,4,study_design,3,3,3,false,true,,categorical,categorical,nonnull
extraction,EXT-04-46e3ad3d3b31,4,ai_model_type,3,3,2,false,true,,categorical,categorical,nonnull
extraction,EXT-04-49a224d22bc8,4,study_design,3,3,3,false,true,,categorical,categorical,nonnull
extraction,EXT-04-5bd55c2db886,4,specificity,3,3,1,true,true,,potentially_synthesis_critical,numeric,null
extraction,EXT-04-5e75890e4f22,4,sample_size,3,3,1,true,true,,potentially_synthesis_critical,numeric,null
extraction,EXT-04-74e692ba4583,4,study_design,3,3,3,false,true,,categorical,categorical,null
extraction,EXT-04-75c7b4e5ad53,4,auc,3,3,1,true,true,0.0,potentially_synthesis_critical,numeric,nonnull
extraction,EXT-04-797362e3c264,4,auc,3,3,2,false,true,,potentially_synthesis_critical,numeric,nonnull
extraction,EXT-04-8017700eb531,4,study_design,3,3,3,false,true,,categorical,categorical,null
extraction,EXT-04-8aefa4c7146a,4,auc,3,3,1,true,true,,potentially_synthesis_critical,numeric,null
extraction,EXT-04-998a3ac8cef0,4,study_design,3,3,2,false,true,,categorical,categorical,nonnull
extraction,EXT-04-9b9d5e6abd7f,4,specificity,3,3,1,true,true,,potentially_synthesis_critical,numeric,null
extraction,EXT-04-a22d04483be3,4,imaging_modality,3,3,1,true,true,,categorical,categorical,null
extraction,EXT-04-a53a27c3a390,4,sensitivity,3,3,1,true,true,,potentially_synthesis_critical,numeric,null
extraction,EXT-04-a7e85f15d5de,4,specificity,3,3,1,true,true,,potentially_synthesis_critical,numeric,null
extraction,EXT-04-b481b5181859,4,sensitivity,3,3,1,true,true,,potentially_synthesis_critical,numeric,null
extraction,EXT-04-b4f9ff10b33a,4,imaging_modality,3,3,1,true,true,,categorical,categorical,null
extraction,EXT-04-b6ad8c86d58f,4,specificity,3,3,2,false,false,,potentially_synthesis_critical,numeric,nonnull
extraction,EXT-04-b6fb0a4f1e3a,4,auc,3,3,2,false,true,,potentially_synthesis_critical,numeric,nonnull
extraction,EXT-04-b9613c15090e,4,auc,3,3,2,false,true,,potentially_synthesis_critical,numeric,nonnull
extraction,EXT-04-ce324f7330ec,4,auc,3,3,1,true,true,,potentially_synthesis_critical,numeric,null
extraction,EXT-04-d065628e8133,4,task,3,3,3,false,true,,categorical,categorical,nonnull
extraction,EXT-04-d43c2d3b09bf,4,study_design,3,3,3,false,true,,categorical,categorical,null
extraction,EXT-04-d5dcf9052ad5,4,imaging_modality,3,3,3,false,true,,categorical,categorical,nonnull
extraction,EXT-04-e1ab37341e56,4,auc,3,3,1,true,true,0.0,potentially_synthesis_critical,numeric,nonnull
extraction,EXT-04-e5695d5ff84b,4,auc,3,3,1,true,true,,potentially_synthesis_critical,numeric,nonnull
extraction,EXT-04-e57014208fe7,4,imaging_modality,3,3,1,true,true,,categorical,categorical,null
extraction,EXT-04-e950b319e821,4,study_design,3,3,3,false,true,,categorical,categorical,null
extraction,EXT-04-f3f150bd4d8e,4,imaging_modality,3,3,2,false,false,,categorical,categorical,null
extraction,EXT-04-f9c32ee363c5,4,study_design,3,3,3,false,true,,categorical,categorical,nonnull
extraction,EXT-05-02b9ad7f99ec,5,study_design,3,3,2,false,false,,categorical,categorical,null
extraction,EXT-05-18ec989334c2,5,ci_lower,3,3,1,true,true,,potentially_synthesis_critical,numeric,null
extraction,EXT-05-1f69a3fc7676,5,outcome,3,3,2,false,true,,categorical,categorical,nonnull
extraction,EXT-05-2396170d23fc,5,sample_size,3,3,1,true,true,0.0,potentially_synthesis_critical,numeric,nonnull
extraction,EXT-05-244fbbc6839c,5,programme,3,3,1,true,true,,categorical,categorical,nonnull
extraction,EXT-05-441c3deeedc7,5,programme,3,3,2,false,true,,categorical,categorical,nonnull
extraction,EXT-05-4dbf23906104,5,effect_size,3,3,1,true,true,0.0,potentially_synthesis_critical,numeric,nonnull
extraction,EXT-05-5820ab3be0b8,5,programme,3,3,3,false,true,,categorical,categorical,nonnull
extraction,EXT-05-68430b2e7c32,5,sample_size,3,3,1,true,true,0.0,potentially_synthesis_critical,numeric,nonnull
extraction,EXT-05-694aebc6fb78,5,sample_size,3,3,1,true,true,0.0,potentially_synthesis_critical,numeric,nonnull
extraction,EXT-05-6d017cb0d2f3,5,study_design,3,3,3,false,true,,categorical,categorical,nonnull
extraction,EXT-05-6e3e7f2a2f10,5,ci_lower,3,3,1,true,true,0.0,potentially_synthesis_critical,numeric,nonnull
extraction,EXT-05-6fdb150ab941,5,effect_size,3,3,1,true,true,,potentially_synthesis_critical,numeric,null
extraction,EXT-05-7b5c8eed08ac,5,effect_size,3,3,2,false,true,,potentially_synthesis_critical,numeric,nonnull
extraction,EXT-05-7e15f192e386,5,sample_size,3,3,1,true,true,,potentially_synthesis_critical,numeric,null
extraction,EXT-05-8831ecc61e3e,5,study_design,3,3,3,false,true,,categorical,categorical,null
extraction,EXT-05-a87e338997f9,5,study_design,3,3,2,false,true,,categorical,categorical,nonnull
extraction,EXT-05-b76c259f0d5c,5,sample_size,3,3,1,true,true,0.0,potentially_synthesis_critical,numeric,nonnull
extraction,EXT-05-d6f9f4c32598,5,ci_upper,3,3,1,true,true,0.0,potentially_synthesis_critical,numeric,nonnull
extraction,EXT-05-e4501ffb93fa,5,outcome,3,3,3,false,true,,categorical,categorical,nonnull
extraction,EXT-05-e78e614068e1,5,country,3,3,2,false,false,,categorical,categorical,null
extraction,EXT-05-f9bfe0b95a07,5,country,3,3,1,true,true,,categorical,categorical,nonnull
extraction,EXT-05-fc91c259dd10,5,ci_lower,3,3,1,true,true,,potentially_synthesis_critical,numeric,null
extraction,EXT-06-1d233be8ea42,6,sample_size,3,3,3,false,true,,potentially_synthesis_critical,numeric,nonnull
extraction,EXT-06-2db25c8bb412,6,outcome,3,3,1,true,true,,categorical,categorical,nonnull
extraction,EXT-06-3a96c50e327e,6,study_design,3,3,1,true,true,,categorical,categorical,nonnull
extraction,EXT-06-3cd6ea7118fd,6,ci_lower,3,3,1,true,true,0.0,potentially_synthesis_critical,numeric,nonnull
extraction,EXT-06-4703f98477d9,6,ci_lower,3,3,1,true,true,0.0,potentially_synthesis_critical,numeric,nonnull
extraction,EXT-06-5c903d300ffa,6,sample_size,3,3,1,true,true,0.0,potentially_synthesis_critical,numeric,nonnull
extraction,EXT-06-5d2087418c99,6,platform,3,3,2,false,true,,categorical,categorical,nonnull
extraction,EXT-06-620a8e475878,6,platform,3,3,1,true,true,,categorical,categorical,null
extraction,EXT-06-67e87c1a46ac,6,age_group,3,3,2,false,true,,categorical,categorical,nonnull
extraction,EXT-06-68c0dfc0be26,6,platform,3,3,3,false,true,,categorical,categorical,nonnull
extraction,EXT-06-6f020cee8292,6,ci_upper,3,3,1,true,true,,potentially_synthesis_critical,numeric,null
extraction,EXT-06-7528ed36aea0,6,country,3,3,1,true,true,,categorical,categorical,nonnull
extraction,EXT-06-7b4043c6ad89,6,ci_lower,3,3,1,true,true,,potentially_synthesis_critical,numeric,null
extraction,EXT-06-839d3b5abf4a,6,ci_lower,3,3,1,true,true,0.0,potentially_synthesis_critical,numeric,nonnull
extraction,EXT-06-89f897b6c350,6,study_design,3,3,1,true,true,,categorical,categorical,nonnull
extraction,EXT-06-9fc3ae002429,6,outcome,3,3,1,true,true,,categorical,categorical,nonnull
extraction,EXT-06-a424e9aa6b37,6,ci_upper,3,3,1,true,true,,potentially_synthesis_critical,numeric,null
extraction,EXT-06-c5046c35f1c1,6,country,3,3,1,true,true,,categorical,categorical,null
extraction,EXT-06-cfd084389dc1,6,platform,3,3,1,true,true,,categorical,categorical,nonnull
extraction,EXT-06-e1976a0accda,6,age_group,3,3,2,false,true,,categorical,categorical,nonnull
extraction,EXT-07-05296fa6662c,7,recidivism_rate_treatment,3,3,1,true,true,,potentially_synthesis_critical,numeric,null
extraction,EXT-07-167f3ad9e708,7,sample_size,3,3,1,true,true,0.0,potentially_synthesis_critical,numeric,nonnull
extraction,EXT-07-2b9f3517a9b9,7,sample_size,3,3,1,true,true,0.0,potentially_synthesis_critical,numeric,nonnull
extraction,EXT-07-47b793b956cd,7,sample_size,3,3,1,true,true,0.0,potentially_synthesis_critical,numeric,nonnull
extraction,EXT-07-612d3b4c739b,7,recidivism_rate_treatment,3,3,2,false,true,,potentially_synthesis_critical,numeric,nonnull
extraction,EXT-07-617056d489da,7,country,3,3,1,true,true,,categorical,categorical,nonnull
extraction,EXT-07-684ad565297c,7,country,3,3,1,true,true,,categorical,categorical,nonnull
extraction,EXT-07-6f441aca3027,7,follow_up_months,3,3,1,true,true,0.0,other_numeric,numeric,nonnull
extraction,EXT-07-8d142e3f52b0,7,outcome,3,3,3,false,true,,categorical,categorical,nonnull
extraction,EXT-07-9d256c233083,7,sample_size,3,3,1,true,true,0.0,potentially_synthesis_critical,numeric,nonnull
extraction,EXT-07-a05dec363006,7,recidivism_rate_control,3,3,1,true,true,,potentially_synthesis_critical,numeric,null
extraction,EXT-07-a582f45d1759,7,recidivism_rate_treatment,3,3,1,true,true,,potentially_synthesis_critical,numeric,null
extraction,EXT-07-c15fe9c55253,7,follow_up_months,3,3,1,true,true,,other_numeric,numeric,null
extraction,EXT-07-cf1fdf987616,7,follow_up_months,3,3,1,true,true,,other_numeric,numeric,null
extraction,EXT-07-d95ac826bd7c,7,study_design,3,3,2,false,true,,categorical,categorical,null
extraction,EXT-07-e8935ce627e3,7,follow_up_months,3,3,1,true,true,0.0,other_numeric,numeric,nonnull
extraction,EXT-07-ef2ab604e3f3,7,country,3,3,1,true,true,,categorical,categorical,nonnull
extraction,EXT-07-f86ab4ecb079,7,follow_up_months,3,3,1,true,true,,other_numeric,numeric,null
extraction,EXT-07-fd0246db9354,7,study_design,3,3,1,true,true,,categorical,categorical,null
extraction,EXT-08-0403aabbd690,8,year,3,3,1,true,true,,other_numeric,numeric,null
extraction,EXT-08-0661122c8f18,8,gap_percent,3,3,1,true,true,,potentially_synthesis_critical,numeric,null
extraction,EXT-08-128c043c7510,8,country,3,3,2,false,false,,categorical,categorical,null
extraction,EXT-08-176ad75497e6,8,year,3,3,1,true,true,,other_numeric,numeric,nonnull
extraction,EXT-08-1773230962a1,8,study_design,3,3,3,false,true,,categorical,categorical,null
extraction,EXT-08-27beb7121ac0,8,year,3,3,1,true,true,,other_numeric,numeric,nonnull
extraction,EXT-08-289c5c2b8fbe,8,gap_percent,3,3,1,true,true,0.0,potentially_synthesis_critical,numeric,nonnull
extraction,EXT-08-2c21409a6c07,8,country,3,3,1,true,true,,categorical,categorical,null
extraction,EXT-08-2c3ee8f1a744,8,country,3,3,1,true,true,,categorical,categorical,nonnull
extraction,EXT-08-362c635b55e3,8,gap_measure,3,3,3,false,true,,categorical,categorical,nonnull
extraction,EXT-08-3b971226cd11,8,country,3,3,2,false,false,,categorical,categorical,null
extraction,EXT-08-41c270b428cf,8,year,3,3,3,false,false,,other_numeric,numeric,nonnull
extraction,EXT-08-4570fbe12d14,8,country,3,3,2,false,false,,categorical,categorical,nonnull
extraction,EXT-08-47c67df9f969,8,gap_percent,3,3,3,false,true,,potentially_synthesis_critical,numeric,nonnull
extraction,EXT-08-49a4c37d57df,8,gap_percent,3,3,1,true,true,,potentially_synthesis_critical,numeric,null
extraction,EXT-08-4cbacf67c9fb,8,sector,3,3,1,true,true,,categorical,categorical,null
extraction,EXT-08-512737a36db8,8,study_design,3,3,2,false,true,,categorical,categorical,nonnull
extraction,EXT-08-625f705407b3,8,year,3,3,2,false,false,,other_numeric,numeric,nonnull
extraction,EXT-08-6912b4b58308,8,year,3,3,1,true,true,,other_numeric,numeric,nonnull
extraction,EXT-08-763a4eaec94b,8,country,3,3,1,true,true,,categorical,categorical,null
extraction,EXT-08-7c1e29978501,8,year,3,3,2,false,true,,other_numeric,numeric,nonnull
extraction,EXT-08-80394914a590,8,year,3,3,1,true,true,,other_numeric,numeric,nonnull
extraction,EXT-08-86300d76090b,8,gap_measure,3,3,3,false,true,,categorical,categorical,nonnull
extraction,EXT-08-8877a115ae9c,8,year,3,3,1,true,true,,other_numeric,numeric,null
extraction,EXT-08-8d15ceec2e12,8,sector,3,3,2,false,true,,categorical,categorical,null
extraction,EXT-08-9569682dbef8,8,year,3,3,1,true,true,0.0,other_numeric,numeric,nonnull
extraction,EXT-08-9acd1f8c7df1,8,country,3,3,1,true,true,,categorical,categorical,null
extraction,EXT-08-9e23ac053d00,8,country,3,3,3,false,false,,categorical,categorical,nonnull
extraction,EXT-08-aa6fba7298de,8,country,3,3,1,true,true,,categorical,categorical,null
extraction,EXT-08-b6d41cdf5e51,8,year,3,3,1,true,true,,other_numeric,numeric,nonnull
extraction,EXT-08-b8bbfd78e2bf,8,sample_size,3,3,1,true,true,0.0,potentially_synthesis_critical,numeric,null
extraction,EXT-08-ba5070c57678,8,study_design,3,3,3,false,true,,categorical,categorical,nonnull
extraction,EXT-08-bc6981a0a6a9,8,study_design,3,3,3,false,true,,categorical,categorical,nonnull
extraction,EXT-08-cc774269b88b,8,year,3,3,1,true,true,,other_numeric,numeric,null
extraction,EXT-08-d2d5723c076e,8,country,3,3,2,false,true,,categorical,categorical,nonnull
extraction,EXT-08-d5a3f5c850da,8,study_design,3,3,3,false,true,,categorical,categorical,nonnull
extraction,EXT-08-e267b7a3cc65,8,study_design,3,3,3,false,true,,categorical,categorical,nonnull
extraction,EXT-08-e799eb9a2b38,8,country,3,3,3,false,true,,categorical,categorical,null
extraction,EXT-08-ef2470e14401,8,study_design,3,3,2,false,true,,categorical,categorical,nonnull
extraction,EXT-08-f5aac0eeec6b,8,sample_size,3,3,1,true,true,0.0,potentially_synthesis_critical,numeric,null
extraction,EXT-09-06dc086cca03,9,effect_size,3,3,1,true,true,,potentially_synthesis_critical,numeric,null
extraction,EXT-09-0905a5c68a7c,9,subject,3,3,3,false,true,,categorical,categorical,null
extraction,EXT-09-21d1da1f3527,9,system_name,3,3,3,false,false,,categorical,categorical,nonnull
extraction,EXT-09-245442873dca,9,ci_upper,3,3,1,true,true,,potentially_synthesis_critical,numeric,null
extraction,EXT-09-2882e874b33b,9,effect_size,3,3,1,true,true,0.0,potentially_synthesis_critical,numeric,nonnull
extraction,EXT-09-2933dfbd2118,9,effect_size,3,3,2,false,true,24.75,potentially_synthesis_critical,numeric,nonnull
extraction,EXT-09-300473af1c2e,9,ci_upper,3,3,1,true,true,,potentially_synthesis_critical,numeric,null
extraction,EXT-09-397892f527bd,9,sample_size,3,3,1,true,true,0.0,potentially_synthesis_critical,numeric,nonnull
extraction,EXT-09-56c2a664a743,9,subject,3,3,3,false,true,,categorical,categorical,nonnull
extraction,EXT-09-6addaa4f1ae3,9,system_name,3,3,2,false,false,,categorical,categorical,nonnull
extraction,EXT-09-937b48543a47,9,ci_upper,3,3,1,true,true,,potentially_synthesis_critical,numeric,null
extraction,EXT-09-a2b32280421c,9,study_design,3,3,3,false,true,,categorical,categorical,nonnull
extraction,EXT-09-b15c7f27b980,9,country,3,3,1,true,true,,categorical,categorical,null
extraction,EXT-09-c120edbebf18,9,ci_upper,3,3,1,true,true,0.0,potentially_synthesis_critical,numeric,nonnull
extraction,EXT-09-d7f3949b777d,9,grade_level,3,3,1,true,true,,categorical,categorical,null
extraction,EXT-09-e01be39ca2f3,9,ci_lower,3,3,1,true,true,,potentially_synthesis_critical,numeric,null
extraction,EXT-09-f22c65747fd9,9,sample_size,3,3,2,false,false,,potentially_synthesis_critical,numeric,nonnull
extraction,EXT-09-f48356fe74eb,9,subject,3,3,2,false,true,,categorical,categorical,nonnull
extraction,EXT-09-fb35622ea8a1,9,country,3,3,2,false,false,,categorical,categorical,nonnull
extraction,EXT-09-fd5b452d5761,9,country,3,3,1,true,true,,categorical,categorical,null
extraction,EXT-10-082fec0a07ba,10,study_design,3,3,3,false,true,,categorical,categorical,nonnull
extraction,EXT-10-1ef9de2b2af3,10,sample_size,3,3,1,true,true,0.0,potentially_synthesis_critical,numeric,nonnull
extraction,EXT-10-1fdcd428c1c7,10,outcome_measure,3,3,2,false,true,,categorical,categorical,nonnull
extraction,EXT-10-3b388c5e1659,10,game_type,3,3,1,true,true,,categorical,categorical,nonnull
extraction,EXT-10-3ead7cd8d8be,10,effect_size,3,3,1,true,true,0.0,potentially_synthesis_critical,numeric,nonnull
extraction,EXT-10-5dfe3747c6fb,10,country,3,3,1,true,true,,categorical,categorical,null
extraction,EXT-10-5e22bff36fc5,10,ci_upper,3,3,1,true,true,,potentially_synthesis_critical,numeric,null
extraction,EXT-10-5fdec03ec15f,10,game_type,3,3,2,false,true,,categorical,categorical,nonnull
extraction,EXT-10-68a560ffd9c5,10,sample_size,3,3,2,false,true,,potentially_synthesis_critical,numeric,nonnull
extraction,EXT-10-8448c06d9859,10,country,3,3,1,true,true,,categorical,categorical,null
extraction,EXT-10-9b3e6341f113,10,sample_size,3,3,1,true,true,0.0,potentially_synthesis_critical,numeric,nonnull
extraction,EXT-10-a7403e725a2d,10,country,3,3,1,true,true,,categorical,categorical,nonnull
extraction,EXT-10-b7c77a819ccc,10,country,3,3,2,false,false,,categorical,categorical,nonnull
extraction,EXT-10-ba4a40ddf967,10,ci_lower,3,3,1,true,true,,potentially_synthesis_critical,numeric,null
extraction,EXT-10-d3e295b9f64f,10,sample_size,3,3,1,true,true,0.0,potentially_synthesis_critical,numeric,nonnull
extraction,EXT-10-d55863b555f5,10,sample_size,3,3,1,true,true,0.0,potentially_synthesis_critical,numeric,nonnull
extraction,EXT-10-df72d5ee125e,10,ci_upper,3,3,1,true,true,0.0,potentially_synthesis_critical,numeric,nonnull
extraction,EXT-10-e2a1b70d436d,10,country,3,3,1,true,true,,categorical,categorical,null
extraction,EXT-10-e2dcf141c17c,10,country,3,3,1,true,true,,categorical,categorical,nonnull
extraction,EXT-10-efbd0de23ab3,10,country,3,3,1,true,true,,categorical,categorical,null
extraction,EXT-10-fa84d21251d7,10,ci_lower,3,3,1,true,true,0.0,potentially_synthesis_critical,numeric,nonnull
extraction,EXT-10-fc7b8db415f5,10,sample_size,3,3,1,true,true,0.0,potentially_synthesis_critical,numeric,nonnull
extraction,EXT-11-08e8e6ae3731,11,school_level,3,3,3,false,false,,categorical,categorical,null
extraction,EXT-11-0ec173167d14,11,school_level,3,3,2,false,false,,categorical,categorical,null
extraction,EXT-11-0f5b06e748c0,11,effect_size,3,3,1,true,true,,potentially_synthesis_critical,numeric,null
extraction,EXT-11-22cb7e3dbec0,11,class_size_control,3,3,1,true,true,,potentially_synthesis_critical,numeric,nonnull
extraction,EXT-11-2383a5deebe6,11,country,3,3,2,false,true,,categorical,categorical,nonnull
extraction,EXT-11-251805ff0958,11,class_size_treatment,3,3,1,true,true,0.0,potentially_synthesis_critical,numeric,nonnull
extraction,EXT-11-326a8355ca88,11,effect_size,3,3,1,true,true,0.0,potentially_synthesis_critical,numeric,null
extraction,EXT-11-3a5b073a43eb,11,school_level,3,3,1,true,true,,categorical,categorical,nonnull
extraction,EXT-11-3daec9e37e26,11,school_level,3,3,2,false,true,,categorical,categorical,nonnull
extraction,EXT-11-4d585119af47,11,study_design,3,3,2,false,true,,categorical,categorical,nonnull
extraction,EXT-11-52156f8be423,11,country,3,3,1,true,true,,categorical,categorical,nonnull
extraction,EXT-11-523c1a7480d0,11,country,3,3,1,true,true,,categorical,categorical,null
extraction,EXT-11-531b7ec008a0,11,country,3,3,1,true,true,,categorical,categorical,nonnull
extraction,EXT-11-5888ae6f6a86,11,sample_size,3,3,1,true,true,0.0,potentially_synthesis_critical,numeric,nonnull
extraction,EXT-11-66387b9affa4,11,school_level,3,3,2,false,true,,categorical,categorical,nonnull
extraction,EXT-11-6c3759baf190,11,class_size_treatment,3,3,2,false,true,,potentially_synthesis_critical,numeric,nonnull
extraction,EXT-11-78c03ea094f3,11,ci_upper,3,3,1,true,true,,potentially_synthesis_critical,numeric,null
extraction,EXT-11-823c71634bd7,11,school_level,3,3,3,false,true,,categorical,categorical,nonnull
extraction,EXT-11-86f20a31f0b5,11,class_size_control,3,3,2,false,true,,potentially_synthesis_critical,numeric,nonnull
extraction,EXT-11-95c992c6b98f,11,class_size_control,3,3,1,true,true,,potentially_synthesis_critical,numeric,nonnull
extraction,EXT-11-a1b2f8e9821d,11,sample_size,3,3,1,true,true,0.0,potentially_synthesis_critical,numeric,nonnull
extraction,EXT-11-a942f9fb8e3c,11,class_size_control,3,3,1,true,true,0.0,potentially_synthesis_critical,numeric,nonnull
extraction,EXT-11-ab36ce874f21,11,country,3,3,1,true,true,,categorical,categorical,nonnull
extraction,EXT-11-c4d1e3fd1d7e,11,study_design,3,3,3,false,true,,categorical,categorical,nonnull
extraction,EXT-11-ca3b1004c2a4,11,study_design,3,3,2,false,true,,categorical,categorical,nonnull
extraction,EXT-11-ea1bd172f3e4,11,country,3,3,1,true,true,,categorical,categorical,null
extraction,EXT-11-f213ba6962ed,11,school_level,3,3,3,false,false,,categorical,categorical,null
extraction,EXT-12-0c5535f013fa,12,discipline,3,3,1,true,true,,categorical,categorical,null
extraction,EXT-12-211c2f267dc1,12,country,3,3,1,true,true,,categorical,categorical,null
extraction,EXT-12-29b504af6c96,12,sample_size,3,3,1,true,true,,potentially_synthesis_critical,numeric,null
extraction,EXT-12-30241ba1b5ca,12,sample_size,3,3,1,true,true,,potentially_synthesis_critical,numeric,null
extraction,EXT-12-31fb641b4af9,12,study_design,3,3,3,false,true,,categorical,categorical,null
extraction,EXT-12-35a5aeb1642d,12,sample_size,3,3,1,true,true,0.0,potentially_synthesis_critical,numeric,nonnull
extraction,EXT-12-3aed752c1324,12,sample_size,3,3,1,true,true,,potentially_synthesis_critical,numeric,null
extraction,EXT-12-3d2d2fbd61f6,12,discipline,3,3,2,false,true,,categorical,categorical,nonnull
extraction,EXT-12-3dfb679dde2d,12,country,3,3,1,true,true,,categorical,categorical,null
extraction,EXT-12-4ecdd76e0f9f,12,sample_size,3,3,1,true,true,0.0,potentially_synthesis_critical,numeric,nonnull
extraction,EXT-12-5374d3401c6d,12,sample_size,3,3,1,true,true,,potentially_synthesis_critical,numeric,nonnull
extraction,EXT-12-5e7eed8b42ea,12,country,3,3,1,true,true,,categorical,categorical,null
extraction,EXT-12-5fb541a60674,12,sample_size,3,3,1,true,true,0.0,potentially_synthesis_critical,numeric,nonnull
extraction,EXT-12-65c68ded89f2,12,outcome_direction,3,3,1,true,true,,categorical,categorical,nonnull
extraction,EXT-12-694c78fe48c3,12,sample_size,3,3,1,true,true,,potentially_synthesis_critical,numeric,nonnull
extraction,EXT-12-6a6a4457a575,12,sample_size,3,3,1,true,true,,potentially_synthesis_critical,numeric,null
extraction,EXT-12-7f3c8b6c4912,12,sample_size,3,3,3,false,true,,potentially_synthesis_critical,numeric,nonnull
extraction,EXT-12-a5ce35486f2b,12,country,3,3,1,true,true,,categorical,categorical,nonnull
extraction,EXT-12-a717045a9683,12,country,3,3,3,false,true,,categorical,categorical,null
extraction,EXT-12-aa7cf3d0614e,12,sample_size,3,3,1,true,true,,potentially_synthesis_critical,numeric,null
extraction,EXT-12-b6045fcb37a2,12,sample_size,3,3,1,true,true,0.0,potentially_synthesis_critical,numeric,nonnull
extraction,EXT-12-b662a9a10d90,12,sample_size,3,3,2,false,true,17.0,potentially_synthesis_critical,numeric,nonnull
extraction,EXT-12-be1fc3c51ec2,12,sample_size,3,3,1,true,true,,potentially_synthesis_critical,numeric,nonnull
extraction,EXT-12-d9793b3caed5,12,sample_size,3,3,1,true,true,,potentially_synthesis_critical,numeric,null
extraction,EXT-12-db51f4f8c740,12,use_case,3,3,3,false,true,,categorical,categorical,nonnull
extraction,EXT-12-de7298f556b0,12,sample_size,3,3,1,true,true,,potentially_synthesis_critical,numeric,null
extraction,EXT-13-00336ccac624,13,ci_lower,3,3,1,true,true,,potentially_synthesis_critical,numeric,null
extraction,EXT-13-072b1eeb7afc,13,years_protected,3,3,1,true,true,0.0,other_numeric,numeric,nonnull
extraction,EXT-13-1874e18e11f1,13,mpa_type,3,3,1,true,true,,categorical,categorical,null
extraction,EXT-13-1d9a1269ee60,13,study_design,3,3,3,false,true,,categorical,categorical,nonnull
extraction,EXT-13-264bc81246bd,13,sample_size,3,3,2,false,false,,potentially_synthesis_critical,numeric,nonnull
extraction,EXT-13-40a5afba89fb,13,years_protected,3,3,1,true,true,,other_numeric,numeric,nonnull
extraction,EXT-13-40f4d6799c01,13,ci_upper,3,3,1,true,true,,potentially_synthesis_critical,numeric,null
extraction,EXT-13-462ca48f05eb,13,years_protected,3,3,1,true,true,,other_numeric,numeric,null
extraction,EXT-13-525c3bb5cb2d,13,years_protected,3,3,1,true,true,0.0,other_numeric,numeric,nonnull
extraction,EXT-13-5f42d4adddbe,13,effect_size,3,3,1,true,true,0.0,potentially_synthesis_critical,numeric,nonnull
extraction,EXT-13-6bab7ef558fa,13,ci_upper,3,3,1,true,true,,potentially_synthesis_critical,numeric,null
extraction,EXT-13-72e627ff407f,13,years_protected,3,3,1,true,true,,other_numeric,numeric,null
extraction,EXT-13-84599ad5a7a5,13,years_protected,3,3,1,true,true,,other_numeric,numeric,null
extraction,EXT-13-985b94c92c59,13,years_protected,3,3,1,true,true,,other_numeric,numeric,nonnull
extraction,EXT-13-99c03b3b0211,13,years_protected,3,3,1,true,true,,other_numeric,numeric,null
extraction,EXT-13-9d95646de3e5,13,mpa_type,3,3,2,false,true,,categorical,categorical,nonnull
extraction,EXT-13-b4e0206fbe64,13,mpa_type,3,3,2,false,true,,categorical,categorical,nonnull
extraction,EXT-13-b62971451c82,13,mpa_type,3,3,2,false,false,,categorical,categorical,nonnull
extraction,EXT-13-bed2f2aee74a,13,sample_size,3,3,1,true,true,0.0,potentially_synthesis_critical,numeric,nonnull
extraction,EXT-13-c27da32e28f1,13,years_protected,3,3,1,true,true,0.0,other_numeric,numeric,nonnull
extraction,EXT-13-d2f1fa5a74e6,13,years_protected,3,3,1,true,true,0.0,other_numeric,numeric,nonnull
extraction,EXT-13-e427bc9cb851,13,years_protected,3,3,1,true,true,0.0,other_numeric,numeric,nonnull
extraction,EXT-13-e9844e4248b3,13,country,3,3,1,true,true,,categorical,categorical,nonnull
extraction,EXT-13-ef8ea24745b3,13,ci_lower,3,3,1,true,true,,potentially_synthesis_critical,numeric,null
extraction,EXT-13-f2a7b7525688,13,country,3,3,2,false,false,,categorical,categorical,null
extraction,EXT-14-037639bc7ee0,14,age_years,3,3,2,false,true,,other_numeric,numeric,nonnull
extraction,EXT-14-09112dbd8a40,14,effect_size,3,3,1,true,true,0.0,potentially_synthesis_critical,numeric,null
extraction,EXT-14-107b5179d890,14,forest_type,3,3,3,false,true,,categorical,categorical,nonnull
extraction,EXT-14-157bec51e39c,14,forest_type,3,3,1,true,true,,categorical,categorical,nonnull
extraction,EXT-14-1956edb69d16,14,forest_type,3,3,3,false,true,,categorical,categorical,null
extraction,EXT-14-1cb256838a6e,14,age_years,3,3,1,true,true,,other_numeric,numeric,null
extraction,EXT-14-348eb75474fc,14,forest_type,3,3,3,false,true,,categorical,categorical,nonnull
extraction,EXT-14-3ae48a139e8f,14,country,3,3,1,true,true,,categorical,categorical,nonnull
extraction,EXT-14-3c09be6839c7,14,age_years,3,3,1,true,true,0.0,other_numeric,numeric,nonnull
extraction,EXT-14-40edf42d411c,14,forest_type,3,3,1,true,true,,categorical,categorical,null
extraction,EXT-14-6665c6471cb4,14,sample_size,3,3,1,true,true,,potentially_synthesis_critical,numeric,null
extraction,EXT-14-68afff46a0bd,14,sample_size,3,3,1,true,true,0.0,potentially_synthesis_critical,numeric,nonnull
extraction,EXT-14-6bec6f7a19a4,14,age_years,3,3,1,true,true,,other_numeric,numeric,nonnull
extraction,EXT-14-730af180e854,14,study_design,3,3,3,false,true,,categorical,categorical,nonnull
extraction,EXT-14-7577e10e6c56,14,study_design,3,3,3,false,true,,categorical,categorical,null
extraction,EXT-14-76092955e58c,14,study_design,3,3,3,false,true,,categorical,categorical,null
extraction,EXT-14-7b3b12cd6bcf,14,country,3,3,1,true,true,,categorical,categorical,nonnull
extraction,EXT-14-7dfbf04778f0,14,age_years,3,3,1,true,true,0.0,other_numeric,numeric,nonnull
extraction,EXT-14-81ee3b234010,14,age_years,3,3,2,false,true,,other_numeric,numeric,nonnull
extraction,EXT-14-858ae4d840c7,14,sample_size,3,3,1,true,true,0.0,potentially_synthesis_critical,numeric,null
extraction,EXT-14-85ec11119bc1,14,age_years,3,3,2,false,true,,other_numeric,numeric,nonnull
extraction,EXT-14-892ed608ac71,14,age_years,3,3,2,false,false,,other_numeric,numeric,nonnull
extraction,EXT-14-8ba996adcb41,14,age_years,3,3,1,true,true,,other_numeric,numeric,null
extraction,EXT-14-9532d35f18ff,14,country,3,3,1,true,true,,categorical,categorical,nonnull
extraction,EXT-14-958fd6e3d66d,14,carbon_stock_tC_ha,3,3,1,true,true,,potentially_synthesis_critical,numeric,nonnull
extraction,EXT-14-a66284ae6d2c,14,age_years,3,3,1,true,true,,other_numeric,numeric,null
extraction,EXT-14-acb045da4d03,14,age_years,3,3,1,true,true,,other_numeric,numeric,nonnull
extraction,EXT-14-af9581228860,14,forest_type,3,3,1,true,true,,categorical,categorical,null
extraction,EXT-14-afdbefff7d51,14,carbon_stock_tC_ha,3,3,1,true,true,0.0,potentially_synthesis_critical,numeric,nonnull
extraction,EXT-14-b56a9bce2f37,14,study_design,3,3,3,false,true,,categorical,categorical,nonnull
extraction,EXT-14-b682e5264abb,14,forest_type,3,3,3,false,true,,categorical,categorical,nonnull
extraction,EXT-14-b6f14e98468e,14,study_design,3,3,2,false,true,,categorical,categorical,nonnull
extraction,EXT-14-ba3ec38c7087,14,age_years,3,3,1,true,true,0.0,other_numeric,numeric,nonnull
extraction,EXT-14-c02433a3c99b,14,sample_size,3,3,1,true,true,0.0,potentially_synthesis_critical,numeric,nonnull
extraction,EXT-14-c401d91ee367,14,carbon_stock_tC_ha,3,3,2,false,true,,potentially_synthesis_critical,numeric,null
extraction,EXT-14-c8ded06db996,14,age_years,3,3,1,true,true,0.0,other_numeric,numeric,nonnull
extraction,EXT-14-c8fdf712e9cf,14,sample_size,3,3,1,true,true,0.0,potentially_synthesis_critical,numeric,nonnull
extraction,EXT-14-cbba59f80388,14,study_design,3,3,3,false,true,,categorical,categorical,null
extraction,EXT-14-cdbfa84f4e5f,14,age_years,3,3,1,true,true,,other_numeric,numeric,nonnull
extraction,EXT-14-d45aff28ffe2,14,forest_type,3,3,3,false,true,,categorical,categorical,nonnull
extraction,EXT-14-f72ded4e9eac,14,study_design,3,3,3,false,true,,categorical,categorical,nonnull
extraction,EXT-14-f89784e2e5a4,14,forest_type,3,3,3,false,true,,categorical,categorical,null
extraction,EXT-14-fb351eaabfd5,14,study_design,3,3,3,false,true,,categorical,categorical,nonnull
extraction,EXT-14-fb3b4e5e4332,14,sample_size,3,3,2,false,true,,potentially_synthesis_critical,numeric,nonnull
extraction,EXT-14-ff0d87e44769,14,age_years,3,3,1,true,true,,other_numeric,numeric,null
extraction,EXT-15-147d6ebe18a4,15,study_design,3,3,2,false,true,,categorical,categorical,nonnull
extraction,EXT-15-159639e2c2fa,15,ci_lower,3,3,2,false,true,0.24,potentially_synthesis_critical,numeric,nonnull
extraction,EXT-15-316ed0ad0fc7,15,outcome,3,3,3,false,true,,categorical,categorical,nonnull
extraction,EXT-15-40fc078ba781,15,country,3,3,2,false,true,,categorical,categorical,null
extraction,EXT-15-465dc85e440c,15,effect_size,3,3,1,true,true,,potentially_synthesis_critical,numeric,null
extraction,EXT-15-511c66cdbef0,15,ci_lower,3,3,2,false,true,3.3,potentially_synthesis_critical,numeric,nonnull
extraction,EXT-15-5f1cffb1055d,15,ci_upper,3,3,1,true,true,,potentially_synthesis_critical,numeric,null
extraction,EXT-15-68963c5ac337,15,country,3,3,2,false,false,,categorical,categorical,null
extraction,EXT-15-6dcf0168cb93,15,country,3,3,1,true,true,,categorical,categorical,null
extraction,EXT-15-6fbfded7c1aa,15,outcome,3,3,2,false,true,,categorical,categorical,nonnull
extraction,EXT-15-72b55efbb866,15,study_design,3,3,1,true,true,,categorical,categorical,null
extraction,EXT-15-831fa6efbd73,15,ci_upper,3,3,1,true,true,,potentially_synthesis_critical,numeric,null
extraction,EXT-15-8380b3b46a39,15,effect_size,3,3,1,true,true,0.0,potentially_synthesis_critical,numeric,nonnull
extraction,EXT-15-8824f6d4b64e,15,country,3,3,2,false,true,,categorical,categorical,null
extraction,EXT-15-8a621118aa9c,15,outcome,3,3,2,false,true,,categorical,categorical,nonnull
extraction,EXT-15-a2dac623294f,15,country,3,3,1,true,true,,categorical,categorical,null
extraction,EXT-15-ab8bf548a7bf,15,outcome,3,3,3,false,true,,categorical,categorical,nonnull
extraction,EXT-15-c60e7d44161e,15,ci_lower,3,3,1,true,true,0.0,potentially_synthesis_critical,numeric,nonnull
extraction,EXT-15-cc65aa7952a8,15,study_design,3,3,2,false,true,,categorical,categorical,nonnull
extraction,EXT-15-d1d39de3c2df,15,country,3,3,2,false,true,,categorical,categorical,nonnull
extraction,EXT-15-de6cd43a1a39,15,study_design,3,3,2,false,true,,categorical,categorical,nonnull
extraction,EXT-15-f37ec99233ec,15,ci_upper,3,3,1,true,true,,potentially_synthesis_critical,numeric,null
extraction,EXT-15-f58c7721c7a8,15,ci_upper,3,3,1,true,true,0.0,potentially_synthesis_critical,numeric,nonnull
extraction,EXT-15-fafb69c37653,15,country,3,3,1,true,true,,categorical,categorical,nonnull
extraction,EXT-16-01efa4403f57,16,sample_size,3,3,1,true,true,0.0,potentially_synthesis_critical,numeric,nonnull
extraction,EXT-16-1704452491dc,16,concentration_items_L,3,3,1,true,true,,potentially_synthesis_critical,numeric,null
extraction,EXT-16-3e309b09a8a3,16,polymer_type,3,3,1,true,true,,categorical,categorical,null
extraction,EXT-16-45acbb81639c,16,study_design,3,3,3,false,true,,categorical,categorical,nonnull
extraction,EXT-16-49c697cf5eff,16,concentration_items_L,3,3,1,true,true,,potentially_synthesis_critical,numeric,nonnull
extraction,EXT-16-55ef79adf12f,16,concentration_items_L,3,3,2,false,false,,potentially_synthesis_critical,numeric,nonnull
extraction,EXT-16-633b9894f471,16,country,3,3,1,true,true,,categorical,categorical,nonnull
extraction,EXT-16-878601e0da49,16,study_design,3,3,3,false,true,,categorical,categorical,nonnull
extraction,EXT-16-ab6cfc12bfbb,16,concentration_items_L,3,3,3,false,true,,potentially_synthesis_critical,numeric,nonnull
extraction,EXT-16-b9e6184af520,16,concentration_items_L,3,3,1,true,true,,potentially_synthesis_critical,numeric,null
extraction,EXT-16-c637cc006e74,16,study_design,3,3,3,false,true,,categorical,categorical,nonnull
extraction,EXT-16-d4b44c07ae75,16,sample_size,3,3,1,true,true,0.0,potentially_synthesis_critical,numeric,nonnull
extraction,EXT-16-e3d5c0ca1577,16,polymer_type,3,3,1,true,true,,categorical,categorical,null
extraction,EXT-16-f212bf9b40af,16,sample_size,3,3,1,true,true,,potentially_synthesis_critical,numeric,nonnull
extraction,EXT-17-040bf7170929,17,year,3,3,1,true,true,0.0,other_numeric,numeric,nonnull
extraction,EXT-17-045efa78939c,17,accuracy_percent,3,3,3,false,true,,potentially_synthesis_critical,numeric,nonnull
extraction,EXT-17-0c1b42d057bf,17,accuracy_percent,3,3,1,true,true,,potentially_synthesis_critical,numeric,null
extraction,EXT-17-0fbffdf1c610,17,study_design,3,3,3,false,true,,categorical,categorical,nonnull
extraction,EXT-17-14c1e918507b,17,accuracy_percent,3,3,2,false,true,,potentially_synthesis_critical,numeric,nonnull
extraction,EXT-17-20896bb279e5,17,year,3,3,1,true,true,0.0,other_numeric,numeric,nonnull
extraction,EXT-17-21ce262e4bfb,17,model_name,3,3,1,true,true,,categorical,categorical,null
extraction,EXT-17-30eba066ff52,17,model_name,3,3,1,true,true,,categorical,categorical,nonnull
extraction,EXT-17-31deb1c994a8,17,year,3,3,1,true,true,,other_numeric,numeric,null
extraction,EXT-17-36be32938778,17,accuracy_percent,3,3,1,true,true,0.0,potentially_synthesis_critical,numeric,nonnull
extraction,EXT-17-3a6dbfcccc1c,17,accuracy_percent,3,3,1,true,true,,potentially_synthesis_critical,numeric,nonnull
extraction,EXT-17-3c98fcef8d5d,17,parameter_count_B,3,3,1,true,true,,other_numeric,numeric,null
extraction,EXT-17-4e6dad4d32cd,17,task_type,3,3,2,false,true,,categorical,categorical,nonnull
extraction,EXT-17-5541abd82342,17,model_name,3,3,2,false,false,,categorical,categorical,nonnull
extraction,EXT-17-5b47bea61daa,17,accuracy_percent,3,3,2,false,true,,potentially_synthesis_critical,numeric,nonnull
extraction,EXT-17-5d8bca74139f,17,year,3,3,2,false,false,,other_numeric,numeric,nonnull
extraction,EXT-17-5e87c52d978c,17,study_design,3,3,3,false,true,,categorical,categorical,null
extraction,EXT-17-6b42f7293fff,17,model_name,3,3,1,true,true,,categorical,categorical,null
extraction,EXT-17-7ba180e058c8,17,year,3,3,1,true,true,,other_numeric,numeric,null
extraction,EXT-17-83d2175ce09e,17,study_design,3,3,3,false,true,,categorical,categorical,null
extraction,EXT-17-857d63e248a5,17,year,3,3,1,true,true,0.0,other_numeric,numeric,nonnull
extraction,EXT-17-af425e72c6c2,17,accuracy_percent,3,3,1,true,true,,potentially_synthesis_critical,numeric,nonnull
extraction,EXT-17-da37c83eff29,17,parameter_count_B,3,3,1,true,true,0.0,other_numeric,numeric,nonnull
extraction,EXT-17-f7260285cb37,17,task_type,3,3,2,false,true,,categorical,categorical,nonnull
extraction,EXT-17-f9789250f2a9,17,parameter_count_B,3,3,1,true,true,0.0,other_numeric,numeric,nonnull
extraction,EXT-17-fab7a3872517,17,model_name,3,3,2,false,false,,categorical,categorical,nonnull
extraction,EXT-17-faf6f36dd37b,17,accuracy_percent,3,3,2,false,false,,potentially_synthesis_critical,numeric,nonnull
extraction,EXT-18-120eab69b437,18,accuracy_percent,3,3,1,true,true,,potentially_synthesis_critical,numeric,nonnull
extraction,EXT-18-1aeb8e45f3c6,18,n_clients,3,3,1,true,true,,other_numeric,numeric,null
extraction,EXT-18-1b233efca9cd,18,aggregation_algorithm,3,3,1,true,true,,categorical,categorical,nonnull
extraction,EXT-18-26c34a1bf582,18,accuracy_percent,3,3,1,true,true,0.0,potentially_synthesis_critical,numeric,nonnull
extraction,EXT-18-2914316de5c9,18,accuracy_percent,3,3,1,true,true,0.0,potentially_synthesis_critical,numeric,nonnull
extraction,EXT-18-4b24eb08a6f9,18,privacy_budget_epsilon,3,3,1,true,true,0.0,other_numeric,numeric,nonnull
extraction,EXT-18-611cd56ca8b8,18,accuracy_percent,3,3,1,true,true,,potentially_synthesis_critical,numeric,null
extraction,EXT-18-65d4deb55bc2,18,n_clients,3,3,1,true,true,0.0,other_numeric,numeric,nonnull
extraction,EXT-18-65ea000f0e96,18,privacy_budget_epsilon,3,3,1,true,true,,other_numeric,numeric,null
extraction,EXT-18-675c45865d77,18,dataset,3,3,2,false,false,,categorical,categorical,nonnull
extraction,EXT-18-7527d7a9c76c,18,n_clients,3,3,1,true,true,,other_numeric,numeric,null
extraction,EXT-18-75abe5245cc0,18,accuracy_percent,3,3,1,true,true,,potentially_synthesis_critical,numeric,null
extraction,EXT-18-79c063676f0b,18,privacy_mechanism,3,3,2,false,true,,categorical,categorical,null
extraction,EXT-18-af46cc3a1c21,18,n_clients,3,3,1,true,true,,other_numeric,numeric,nonnull
extraction,EXT-18-af4b6db5de46,18,dataset,3,3,1,true,true,,categorical,categorical,null
extraction,EXT-18-c69ce6d88294,18,accuracy_percent,3,3,1,true,true,0.0,potentially_synthesis_critical,numeric,nonnull
extraction,EXT-18-caca9b5ae1d1,18,privacy_mechanism,3,3,2,false,true,,categorical,categorical,nonnull
extraction,EXT-18-dba4c80fb377,18,study_design,3,3,3,false,true,,categorical,categorical,null
extraction,EXT-18-e61d0ebdecc3,18,study_design,3,3,3,false,true,,categorical,categorical,nonnull
extraction,EXT-18-eb071316f898,18,n_clients,3,3,1,true,true,0.0,other_numeric,numeric,nonnull
extraction,EXT-18-f48e6ab53d69,18,privacy_budget_epsilon,3,3,3,false,true,,other_numeric,numeric,nonnull
extraction,EXT-18-f77a908ffbd4,18,accuracy_percent,3,3,3,false,true,,potentially_synthesis_critical,numeric,nonnull
extraction,EXT-18-ff41b831c9a2,18,n_clients,3,3,1,true,true,,other_numeric,numeric,nonnull
extraction,EXT-18-ffecb9c8a28e,18,aggregation_algorithm,3,3,1,true,true,,categorical,categorical,null
extraction,EXT-19-1897d3b7b131,19,sample_size,3,3,1,true,true,0.0,potentially_synthesis_critical,numeric,nonnull
extraction,EXT-19-1e3fe1e0608b,19,sample_size,3,3,1,true,true,,potentially_synthesis_critical,numeric,null
extraction,EXT-19-2c34e35de393,19,methodology,3,3,3,false,true,,categorical,categorical,nonnull
extraction,EXT-19-36f4b747fb90,19,methodology,3,3,2,false,true,,categorical,categorical,nonnull
extraction,EXT-19-4cba7b3f473c,19,sample_size,3,3,1,true,true,,potentially_synthesis_critical,numeric,null
extraction,EXT-19-4d13b5b029de,19,sample_size,3,3,1,true,true,0.0,potentially_synthesis_critical,numeric,nonnull
extraction,EXT-19-85574fc4eded,19,sample_size,3,3,1,true,true,,potentially_synthesis_critical,numeric,null
extraction,EXT-19-ab39cedf492a,19,study_design,3,3,3,false,true,,categorical,categorical,null
extraction,EXT-19-b14570013883,19,study_design,3,3,2,false,true,,categorical,categorical,null
extraction,EXT-19-b665d8944f46,19,sample_size,3,3,1,true,true,0.0,potentially_synthesis_critical,numeric,nonnull
extraction,EXT-19-c64e209455ed,19,methodology,3,3,3,false,true,,categorical,categorical,null
extraction,EXT-19-c8215e1d525f,19,application_domain,3,3,2,false,true,,categorical,categorical,nonnull
extraction,EXT-19-ef5807ea7ad9,19,sample_size,3,3,1,true,true,0.0,potentially_synthesis_critical,numeric,null
extraction,EXT-20-0891cb31ee3c,20,accuracy_percent,3,3,2,false,true,,potentially_synthesis_critical,numeric,nonnull
extraction,EXT-20-08ee85189060,20,dataset_size,3,3,1,true,true,,other_numeric,numeric,null
extraction,EXT-20-103fb71f072b,20,study_design,3,3,3,false,true,,categorical,categorical,null
extraction,EXT-20-1b5b653bf83a,20,industry_sector,3,3,2,false,true,,categorical,categorical,nonnull
extraction,EXT-20-23ea5387230c,20,accuracy_percent,3,3,3,false,true,,potentially_synthesis_critical,numeric,nonnull
extraction,EXT-20-276d5873c536,20,accuracy_percent,3,3,2,false,true,,potentially_synthesis_critical,numeric,nonnull
extraction,EXT-20-2d35bace74a1,20,f1_score,3,3,1,true,true,,potentially_synthesis_critical,numeric,null
extraction,EXT-20-31761376143a,20,dataset_size,3,3,1,true,true,,other_numeric,numeric,null
extraction,EXT-20-346143549d72,20,dataset_size,3,3,1,true,true,,other_numeric,numeric,null
extraction,EXT-20-4306c89ad8cf,20,dataset_size,3,3,2,false,false,,other_numeric,numeric,nonnull
extraction,EXT-20-52f4aaf2db73,20,f1_score,3,3,2,false,true,,potentially_synthesis_critical,numeric,nonnull
extraction,EXT-20-58a67f82d774,20,dataset_size,3,3,1,true,true,0.0,other_numeric,numeric,nonnull
extraction,EXT-20-6c9d3793d3a8,20,dataset_size,3,3,2,false,false,,other_numeric,numeric,nonnull
extraction,EXT-20-7ef3ca556a5b,20,accuracy_percent,3,3,1,true,true,0.0,potentially_synthesis_critical,numeric,nonnull
extraction,EXT-20-8547dcc0ba34,20,dataset_size,3,3,1,true,true,0.0,other_numeric,numeric,nonnull
extraction,EXT-20-9e7600ebbf8d,20,accuracy_percent,3,3,1,true,true,0.0,potentially_synthesis_critical,numeric,nonnull
extraction,EXT-20-a1db83265ed8,20,dataset_size,3,3,1,true,true,,other_numeric,numeric,nonnull
extraction,EXT-20-b63da89f49c8,20,f1_score,3,3,1,true,true,,potentially_synthesis_critical,numeric,null
extraction,EXT-20-bd2214c481f2,20,fault_type,3,3,1,true,true,,categorical,categorical,null
extraction,EXT-20-d4dcbb8339ed,20,f1_score,3,3,1,true,true,,potentially_synthesis_critical,numeric,null
extraction,EXT-20-da471e895fcf,20,dataset_size,3,3,1,true,true,,other_numeric,numeric,null
extraction,EXT-20-dbfa0df4c4df,20,f1_score,3,3,1,true,true,,potentially_synthesis_critical,numeric,null
extraction,EXT-20-e18d16e94563,20,dataset_size,3,3,2,false,false,,other_numeric,numeric,nonnull
extraction,EXT-20-f21f62fc91c0,20,fault_type,3,3,1,true,true,,categorical,categorical,nonnull
extraction,EXT-20-f6b7cda28f67,20,dataset_size,3,3,1,true,true,,other_numeric,numeric,nonnull
screening,SCR-01-08b99f4a9d47,1,,3,3,1,true,,,,,
screening,SCR-01-29d7725b8f52,1,,3,3,2,false,,,,,
screening,SCR-01-3c1b21a18140,1,,3,3,1,true,,,,,
screening,SCR-01-813c7970f1df,1,,3,3,1,true,,,,,
screening,SCR-01-91fd67fb70d9,1,,3,3,1,true,,,,,
screening,SCR-01-a492231919e5,1,,3,3,1,true,,,,,
screening,SCR-01-a8a677b36da1,1,,3,3,1,true,,,,,
screening,SCR-01-adf2db14459c,1,,3,3,1,true,,,,,
screening,SCR-01-bddb91807ac1,1,,3,3,1,true,,,,,
screening,SCR-01-bf1e5a5cda54,1,,3,3,1,true,,,,,
screening,SCR-01-e0f8d6f7cd60,1,,3,3,1,true,,,,,
screening,SCR-02-0ca370ff9902,2,,3,3,1,true,,,,,
screening,SCR-02-1aaca901c442,2,,3,3,1,true,,,,,
screening,SCR-02-210f122e110a,2,,3,3,1,true,,,,,
screening,SCR-02-272ed5adda0a,2,,3,3,1,true,,,,,
screening,SCR-02-415cb0cfdb8e,2,,3,3,1,true,,,,,
screening,SCR-02-6928c46571bd,2,,3,3,1,true,,,,,
screening,SCR-02-6cd482286078,2,,3,3,1,true,,,,,
screening,SCR-02-869c65e23978,2,,3,3,1,true,,,,,
screening,SCR-02-bbec46c8cfa0,2,,3,3,2,false,,,,,
screening,SCR-02-e7fe271f209d,2,,3,3,1,true,,,,,
screening,SCR-03-2684c57e1d98,3,,3,3,1,true,,,,,
screening,SCR-03-28201a25306a,3,,3,3,1,true,,,,,
screening,SCR-03-2d4ed9db7b8e,3,,3,3,1,true,,,,,
screening,SCR-03-3213c1e83b40,3,,3,3,1,true,,,,,
screening,SCR-03-42ba55a3824e,3,,3,3,1,true,,,,,
screening,SCR-03-628cd55596db,3,,3,3,1,true,,,,,
screening,SCR-03-6bd98fd9ee79,3,,3,3,1,true,,,,,
screening,SCR-03-965e6bdec4d3,3,,3,3,1,true,,,,,
screening,SCR-03-a040ae2563be,3,,3,3,1,true,,,,,
screening,SCR-03-c36b2352eac9,3,,3,3,1,true,,,,,
screening,SCR-03-caa6943c4756,3,,3,3,1,true,,,,,
screening,SCR-03-d2fd1aec775a,3,,3,3,1,true,,,,,
screening,SCR-03-f521cbe08a15,3,,3,3,1,true,,,,,
screening,SCR-04-02f537df44c6,4,,3,3,1,true,,,,,
screening,SCR-04-61e85220be81,4,,3,3,1,true,,,,,
screening,SCR-04-7249db35143b,4,,3,3,1,true,,,,,
screening,SCR-04-85f5db7fca49,4,,3,3,1,true,,,,,
screening,SCR-04-941a1d0dc5f2,4,,3,3,1,true,,,,,
screening,SCR-04-a1b35a2fcf78,4,,3,3,1,true,,,,,
screening,SCR-04-b0aa2e0c8a8c,4,,3,3,1,true,,,,,
screening,SCR-04-c343f0e0dc76,4,,3,3,1,true,,,,,
screening,SCR-04-c859c2421e54,4,,3,3,1,true,,,,,
screening,SCR-04-e69b11e62380,4,,3,3,1,true,,,,,
screening,SCR-04-e8e272c14a51,4,,3,3,1,true,,,,,
screening,SCR-04-f7f188961f91,4,,3,3,1,true,,,,,
screening,SCR-05-112de80daa20,5,,3,3,2,false,,,,,
screening,SCR-05-13608f238b8d,5,,3,3,1,true,,,,,
screening,SCR-05-1678b1ba4f48,5,,3,3,1,true,,,,,
screening,SCR-05-24178ccd9f53,5,,3,3,1,true,,,,,
screening,SCR-05-322776977458,5,,3,3,1,true,,,,,
screening,SCR-05-3909f8837152,5,,3,3,1,true,,,,,
screening,SCR-05-47e67b1dfee8,5,,3,3,1,true,,,,,
screening,SCR-05-557f5ad5bdae,5,,3,3,1,true,,,,,
screening,SCR-05-76ba60dbb5d6,5,,3,3,1,true,,,,,
screening,SCR-05-a83d770291ab,5,,3,3,1,true,,,,,
screening,SCR-05-b1645bbccac2,5,,3,3,1,true,,,,,
screening,SCR-05-b9103d6a3c5f,5,,3,3,1,true,,,,,
screening,SCR-05-bc8585086754,5,,3,3,1,true,,,,,
screening,SCR-06-374b90dae3fa,6,,3,3,1,true,,,,,
screening,SCR-06-43cdddca729b,6,,3,3,1,true,,,,,
screening,SCR-06-533ea40fa31c,6,,3,3,1,true,,,,,
screening,SCR-06-7aa827b73899,6,,3,3,1,true,,,,,
screening,SCR-06-83bf1be1e4f3,6,,3,3,1,true,,,,,
screening,SCR-06-8f00728435d5,6,,3,3,1,true,,,,,
screening,SCR-06-d49c90331753,6,,3,3,1,true,,,,,
screening,SCR-06-d726c0dcb25d,6,,3,3,1,true,,,,,
screening,SCR-07-40124571da66,7,,3,3,1,true,,,,,
screening,SCR-07-48c70ff4e1bc,7,,3,3,1,true,,,,,
screening,SCR-07-8e141052f71b,7,,3,3,1,true,,,,,
screening,SCR-07-a724869e5de8,7,,3,3,1,true,,,,,
screening,SCR-07-ea361db19129,7,,3,3,1,true,,,,,
screening,SCR-08-22951b960acb,8,,3,3,1,true,,,,,
screening,SCR-08-4e55eb0f0812,8,,3,3,1,true,,,,,
screening,SCR-08-6152460fd9e2,8,,3,3,1,true,,,,,
screening,SCR-08-6f0b41e809d4,8,,3,3,1,true,,,,,
screening,SCR-08-750ef3325522,8,,3,3,1,true,,,,,
screening,SCR-08-8050208573a1,8,,3,3,1,true,,,,,
screening,SCR-08-8fbde54590af,8,,3,3,1,true,,,,,
screening,SCR-08-91f6b44a5f43,8,,3,3,1,true,,,,,
screening,SCR-08-d08948d34e80,8,,3,3,1,true,,,,,
screening,SCR-08-d22624661717,8,,3,3,1,true,,,,,
screening,SCR-08-d65df8709319,8,,3,3,1,true,,,,,
screening,SCR-08-dbfdbe4d6f12,8,,3,3,1,true,,,,,
screening,SCR-08-e91de1d35e64,8,,3,3,1,true,,,,,
screening,SCR-09-24d08eaffec6,9,,3,3,1,true,,,,,
screening,SCR-09-72cb13139af7,9,,3,3,1,true,,,,,
screening,SCR-09-872000b7735c,9,,3,3,1,true,,,,,
screening,SCR-09-a4a491593a96,9,,3,3,1,true,,,,,
screening,SCR-09-b247ae7ceba7,9,,3,3,1,true,,,,,
screening,SCR-09-c2380cb7a932,9,,3,3,1,true,,,,,
screening,SCR-09-cd868db25d09,9,,3,3,1,true,,,,,
screening,SCR-09-d169e3a0049a,9,,3,3,1,true,,,,,
screening,SCR-10-4258df86c8ca,10,,3,3,1,true,,,,,
screening,SCR-10-847482baa134,10,,3,3,1,true,,,,,
screening,SCR-10-baea6b75e7d0,10,,3,3,1,true,,,,,
screening,SCR-10-c10c28de4b60,10,,3,3,1,true,,,,,
screening,SCR-10-e646be188e08,10,,3,3,1,true,,,,,
screening,SCR-10-eb948bb097bd,10,,3,3,1,true,,,,,
screening,SCR-10-f171601f5086,10,,3,3,1,true,,,,,
screening,SCR-10-f41ccd69a523,10,,3,3,1,true,,,,,
screening,SCR-11-24f501b25e1c,11,,3,3,1,true,,,,,
screening,SCR-11-4fe4ecdd68b4,11,,3,3,1,true,,,,,
screening,SCR-11-80d7b782c1d5,11,,3,3,2,false,,,,,
screening,SCR-11-8c02c2695d1c,11,,3,3,1,true,,,,,
screening,SCR-11-ab0644581d68,11,,3,3,1,true,,,,,
screening,SCR-11-b2cde1c62da0,11,,3,3,1,true,,,,,
screening,SCR-11-c7e27934a99b,11,,3,3,1,true,,,,,
screening,SCR-11-d628aa851eaa,11,,3,3,1,true,,,,,
screening,SCR-11-feee6e25b932,11,,3,3,1,true,,,,,
screening,SCR-12-326775f07bc0,12,,3,3,1,true,,,,,
screening,SCR-12-371268947a09,12,,3,3,1,true,,,,,
screening,SCR-12-5d75b2b0de48,12,,3,3,1,true,,,,,
screening,SCR-12-a8600d66254f,12,,3,3,1,true,,,,,
screening,SCR-12-cbbbdd1b6f71,12,,3,3,1,true,,,,,
screening,SCR-12-d73eae715e1c,12,,3,3,1,true,,,,,
screening,SCR-12-fdcea3aff544,12,,3,3,1,true,,,,,
screening,SCR-13-1a401056cdc1,13,,3,3,1,true,,,,,
screening,SCR-13-25cb1f80f68d,13,,3,3,1,true,,,,,
screening,SCR-13-6a4b5f21c04d,13,,3,3,1,true,,,,,
screening,SCR-13-7729b08a0d7c,13,,3,3,1,true,,,,,
screening,SCR-13-89b8bd38a071,13,,3,3,1,true,,,,,
screening,SCR-13-8b64e3fcb34a,13,,3,3,1,true,,,,,
screening,SCR-13-98cee33f4318,13,,3,3,1,true,,,,,
screening,SCR-13-992b1004e646,13,,3,3,1,true,,,,,
screening,SCR-13-b367fccfd118,13,,3,3,1,true,,,,,
screening,SCR-13-b3abab8e3083,13,,3,3,1,true,,,,,
screening,SCR-13-bc1006e10fef,13,,3,3,1,true,,,,,
screening,SCR-13-c9c54bd56275,13,,3,3,1,true,,,,,
screening,SCR-13-eb45926c19a6,13,,3,3,1,true,,,,,
screening,SCR-14-0154c9f47f71,14,,3,3,1,true,,,,,
screening,SCR-14-2a9f1054ed60,14,,3,3,1,true,,,,,
screening,SCR-14-5c8bf63d76b8,14,,3,3,1,true,,,,,
screening,SCR-14-9808816bd62e,14,,3,3,1,true,,,,,
screening,SCR-14-af0154a66ecf,14,,3,3,1,true,,,,,
screening,SCR-14-d9fcb1facaf8,14,,3,3,1,true,,,,,
screening,SCR-15-0616ed047398,15,,3,3,1,true,,,,,
screening,SCR-15-11046bb7ebb3,15,,3,3,1,true,,,,,
screening,SCR-15-3f067d2e4ec1,15,,3,3,1,true,,,,,
screening,SCR-15-61a781509cda,15,,3,3,1,true,,,,,
screening,SCR-15-8ed70b4dab6f,15,,3,3,1,true,,,,,
screening,SCR-15-a726b95f85b8,15,,3,3,1,true,,,,,
screening,SCR-15-c4f69622d96b,15,,3,3,1,true,,,,,
screening,SCR-15-dc98a2b188a2,15,,3,3,1,true,,,,,
screening,SCR-16-18a9fce3a369,16,,3,3,1,true,,,,,
screening,SCR-16-24803e477242,16,,3,3,1,true,,,,,
screening,SCR-16-2993b36a5d18,16,,3,3,1,true,,,,,
screening,SCR-16-3b30df0cdb40,16,,3,3,2,false,,,,,
screening,SCR-16-517ad27b74fa,16,,3,3,1,true,,,,,
screening,SCR-16-6e890d6d341d,16,,3,3,1,true,,,,,
screening,SCR-16-a6a5bf45350e,16,,3,3,1,true,,,,,
screening,SCR-16-b8410583e5d7,16,,3,3,1,true,,,,,
screening,SCR-16-d8590b666ad6,16,,3,3,1,true,,,,,
screening,SCR-16-e6041a2bb8ac,16,,3,3,1,true,,,,,
screening,SCR-16-e9556d761b4c,16,,3,3,1,true,,,,,
screening,SCR-17-0aac34b0e5cf,17,,3,3,1,true,,,,,
screening,SCR-17-12b727ac0adf,17,,3,3,1,true,,,,,
screening,SCR-17-177dd0becfa9,17,,3,3,1,true,,,,,
screening,SCR-17-2d393a4013d2,17,,3,3,1,true,,,,,
screening,SCR-17-33ea1d55cddd,17,,3,3,1,true,,,,,
screening,SCR-17-4c44936cc7b7,17,,3,3,1,true,,,,,
screening,SCR-17-6c7cad8b2448,17,,3,3,1,true,,,,,
screening,SCR-17-8381f5598264,17,,3,3,1,true,,,,,
screening,SCR-17-99cde3c5be31,17,,3,3,2,false,,,,,
screening,SCR-17-ae8b49d3ed9e,17,,3,3,1,true,,,,,
screening,SCR-17-baf26869a187,17,,3,3,1,true,,,,,
screening,SCR-17-cabaa584e93b,17,,3,3,1,true,,,,,
screening,SCR-17-cfef4818f243,17,,3,3,1,true,,,,,
screening,SCR-17-df4ea95c1200,17,,3,3,1,true,,,,,
screening,SCR-18-0b5146792aa9,18,,3,3,1,true,,,,,
screening,SCR-18-0b89ac524636,18,,3,3,1,true,,,,,
screening,SCR-18-4b86f3602b65,18,,3,3,1,true,,,,,
screening,SCR-18-6c8f4fbc0d0d,18,,3,3,1,true,,,,,
screening,SCR-18-89519a53d9f4,18,,3,3,2,false,,,,,
screening,SCR-18-ab2c77cbcd8d,18,,3,3,1,true,,,,,
screening,SCR-18-d18f05b2be96,18,,3,3,1,true,,,,,
screening,SCR-18-da7c21e60f85,18,,3,3,1,true,,,,,
screening,SCR-18-f1143f79e005,18,,3,3,1,true,,,,,
screening,SCR-18-f2f55216b4c0,18,,3,3,1,true,,,,,
screening,SCR-18-f921e81bb2dd,18,,3,3,1,true,,,,,
screening,SCR-19-03ca92727b7c,19,,3,3,1,true,,,,,
screening,SCR-19-135eb92539d6,19,,3,3,1,true,,,,,
screening,SCR-19-24cd5dc1356c,19,,3,3,1,true,,,,,
screening,SCR-19-2730d2192eb1,19,,3,3,1,true,,,,,
screening,SCR-19-27f8d9e69f2b,19,,3,3,1,true,,,,,
screening,SCR-19-4d5c94353de5,19,,3,3,1,true,,,,,
screening,SCR-19-743db7f8e950,19,,3,3,2,false,,,,,
screening,SCR-19-96b0f7a3e3a4,19,,3,3,1,true,,,,,
screening,SCR-19-9c73b5c2e413,19,,3,3,1,true,,,,,
screening,SCR-19-c92c01aa4a59,19,,3,3,1,true,,,,,
screening,SCR-19-d9e547de8762,19,,3,3,1,true,,,,,
screening,SCR-19-fcb392a8d1ba,19,,3,3,1,true,,,,,
screening,SCR-20-05ccb44bed09,20,,3,3,1,true,,,,,
screening,SCR-20-195e11432cf5,20,,3,3,2,false,,,,,
screening,SCR-20-29aa2d85f219,20,,3,3,1,true,,,,,
screening,SCR-20-8361c9b73e15,20,,3,3,1,true,,,,,
screening,SCR-20-c17c85ec5bfa,20,,3,3,2,false,,,,,
screening,SCR-20-cbdbc514629c,20,,3,3,1,true,,,,,
screening,SCR-20-d6c26e1d971d,20,,3,3,1,true,,,,,
screening,SCR-20-e174402b4d25,20,,3,3,1,true,,,,,
