ID,DOI,Title,Year,Authors,Venue,Abstract,Citations,Concepts,Relevance_Score,AL_Decision,LLM_Decision,LLM_Justification
10.3390/land15040683,10.3390/land15040683,Predicting Urban Heat Island Mitigation Through Green Infrastructure on Post-Demolition Vacant Land,2026.0,Park Yoonsun; Lee Dong Kun,Land,"<jats:p>Rapid urbanization and the decline of inner-city areas have led to a sharp increase in vacant houses in large cities. Cities are increasingly converting vacant land into green space to mitigate associated negative externalities. This study quantifies the urban heat island (UHI) mitigation effects of green infrastructure using meta-analysis and applies the derived relationships to predict both on-site and surrounding cooling effects for vacant land. First, we conducted a meta-analysis of published studies reporting the cooling effects of green infrastructure and derived regression equations relating green-space area to (i) cooling within the green space, (ii) cooling in the surrounding area, and (iii) the spatial extent of the cooling effect. Second, we applied these equations to two high-density areas in Sungui-dong, Nam-gu, Incheon, Republic of Korea. The results suggest that introducing a neighborhood park at Site A (7559.5 m2) would reduce air temperature by up to 2.751 °C within the park and by 1.507 °C up to 62 m beyond the park boundary. A pocket park at Site C (992.1 m2) would reduce air temperature by up to 2.269 °C within the park and by approximately 0.92 °C in the surrounding area. These findings provide quantitative evidence that green infrastructure can serve as an effective environmental intervention and support the adoption of climate-responsive urban regeneration policies.</jats:p>",,,0.667,Include,Include,Matches 8 inclusion term(s).
10.5194/egusphere-egu26-21529,10.5194/egusphere-egu26-21529,Cooling trajectories in Commercial areas for Urban Heat Island (UHI) mitigation,2026.0,Akiki Rita; Barroca Bruno; Leone Mattia; Carcanis Georges,,"<jats:p>Climate change and rising temperatures are established facts, forcing cities to face a reality to which they must adapt. ""On June 28, 2019, a temperature of 45,9°C was recorded at a weather station in France, exceeding the country's previous temperature record; set during the infamous 2003 heatwave; by almost 2°C"" (Mitchell, D &amp; al. 2019). Several studies have also established that heatwaves were enhanced by human-induced climate change and activities (Mitchell, D &amp; al. 2019). Therefore, it is crucial to develop clear local plans to adapt to and mitigate the impacts of these heatwaves, which are directly associated with increased heat-related mortality.This study aims to determine tools to analyze various cooling trajectories. It is centered on commercial areas, which are mostly vast territories on the outskirts of cities. These zones emerged around 1960, often at city entrances near highway interchanges, and are directly connected to regional or national roads (Verhetsel, A. 2019). They often include shopping centers where marketing and consumption dominate. The urbanization of the suburbs by middle class residents and the rise of car use contributed to their emergence. The principle of ""no parking, no business"" governs the spatial organization of these areas (Kervran, P. 2021). Therefore, commercial zones also contribute to the climate change adaptation trajectories of the city. The urban heat island effect is an important factor to consider when talking about climate change and heatwaves. Therefore, urban cooling strategies play a crucial role in studying climate change adaptation. Cities are very different in their organization, density, size, and history, but they all share a common denominator: human beings. Which also means that discussing thermal comfort for users, both during and outside of heatwaves is very important in urban areas (Abdollahzadeh, N., &amp; Biloria, N. 2020; Aghamolaei, R. 2022). This raises other challenges, such as managing and maintaining the solutions implemented for climate adaptation. Also, several studies have shown many cooling solutions to be very effective and the ADEME (Agence de la transition écologique - Agency for ecological transition in France) has published a document presenting various solutions supported by measurements and data to combat urban overheating. It has classified them in three main groups :  the nature-based ""green and blue"", the ""gray"" solutions, and the soft solutions. We can therefore say that effective solutions exist and that the current challenge lies primarily in more frequent implementation. However, for these solutions to function optimally and achieve urban cooling, it is necessary to consider the components of the larger urban system (ADEME, 2021). Also, to understand the functioning of a city, it is important to understand it's urban dynamics. These are often composed of interrelations around a decision-making center, with several overlapping urban components (PAULET Jean-Pierre, 2009).The overall goal of this study is to create a detailed understanding of how urban cooling solutions evolve over time, how they interact with stakeholders, and how they contribute to the urban system. Keywords: climate change, urban heat island, cooling solutions, trajectory, mitigation, adaptation, commercial areas.</jats:p>",,,0.667,Include,Include,Matches 8 inclusion term(s).
10.3390/earth5040031,10.3390/earth5040031,Is Zagreb Green Enough? Influence of Urban Green Spaces on Mitigation of Urban Heat Island: A Satellite-Based Study,2024.0,Krsnik Goran,Earth,"<jats:p>The urban heat island phenomenon is a climatic condition in which urbanized areas exhibit higher temperature values than their natural surroundings. This occurs due to an unbalanced energy budget caused by the extensive use of synthetic materials. In such a scenario, urban green areas act as stressors to mitigate the intensity of the urban heat island and improve urban well-being. This study analyzes the spatial-temporal characteristics of the urban heat island in Zagreb, Croatia, aiming to examine the role of different types of green infrastructure in mitigating elevated temperature values and facilitating the definition of greener planning strategies. To achieve this, a multitemporal remote sensing- and NDVI-based analysis was conducted for the time series 1984–2014. An urban heat island intensity map was obtained for the selected 30-year period, along with thermal graphs registering land surface temperature values among different city districts. The results reveal significant heterogeneity, displaying variable behavior dependent on the city district. The role of Zagreb’s urban green areas in urban heat island mitigation is evident but largely dependent on urban morphology, construction types, and periods. Urban forests and urban parks play the most significant role in temperature reduction, followed by residential building neighborhoods and extensive neighborhoods consisting of familiar houses with gardens. Continuously built areas, such as the city center and industrial zones, are less prone to registering lower intensity values. Additionally, multitemporal intensity variations based on land use changes are registered in several districts.</jats:p>",,,0.667,Include,Include,Matches 8 inclusion term(s).
10.17918/etd-7596,10.17918/etd-7596,The potential role of green infrastructure in the mitigation of the urban heat island,,; Smalls-Mantey Lauren A.; Montalto Franco,,"<jats:p>Extreme precipitation and extreme heat are two of the most significant environmental challenges facing urban environment this decade. Current climate change predictions estimate extreme events will increase in intensity and frequency, making cities more susceptible to fatalities. Nature-based solutions can be used to adapt and mitigate the impact of extreme events. Over the past decade, cities have installed stormwater green infrastructure (SGI) to capture, treat, infiltrate, and evapotranspire stormwater. The aggressive installation of these facilities has introduced new vegetation into the urban environment, creating the opportunity for SGI to reduce urban temperatures through evapotranspiration and shading. Previous research has focused on the performance of SGI to capture stormwater and the ability of vegetation to reduce temperatures, separately. However, this dissertation is a comprehensive study, exploring the multiple benefits SGI can provide. The aim of this study was to quantify the role of SGI in the reduction of air temperatures. The microclimate and surface energy balance of two ground level bioretention SGI facilities and one green roof were analyzed. Furthermore, a 3D microclimate model simulated the extent of influence of individual and aggregate SGI facilities. Results of this thesis can be used by neighborhood planners and designers to justify the implementation of SGI facilities in heat vulnerable neighborhoods. Design recommendations explain how to achieve the maximum SGI benefits available in neighborhoods that are located in both heat vulnerable and priority stormwater watersheds.</jats:p>",,,0.583,Include,Include,Matches 7 inclusion term(s).
10.3390/urbansci4040078,10.3390/urbansci4040078,Mitigation of Urban Heat Island Effects through “Green Infrastructure”: Integrated Design of Constructed Wetlands and Neighborhood Development,2020.0,Ruiz-Aviles Victor; Brazel Anthony; Davis Jonathan M.; Pijawka David,Urban Science,"<jats:p>Extreme heat threatens desert city residents throughout the hot summer months and inhibits outdoor recreation and activity. Ecosystem services provide various benefits for urban environments. For desert cities, few are more critical than microclimate regulation and water treatment and conservation. This study evaluates the degree to which artificial wetlands support cooler microclimates and reduce the local urban heat island effect. The authors use (a) remotely sensed temperature data for Avondale, Arizona, to measure temperature differences between neighborhoods with and without water features and (b) resident surveys to evaluate perceptions of potential cooling effects. Results show substantial differences in the daytime surface temperatures for the wetland neighborhood compared to those without water features. More than a third of residents perceived a cooling effect throughout the year. The authors conclude that artificial wetlands within a desert city increase human comfort by reducing surface and air temperature and should be considered an urban heat island mitigation strategy.</jats:p>",,,0.583,Include,Include,Matches 7 inclusion term(s).
10.5194/egusphere-egu21-15362,10.5194/egusphere-egu21-15362,Evaluating the Effect of Green Infrastructure in Mitigating the Urban Heat Island Effect Using Remote Sensing,2021.0,Fidani Sofia; Daliakopoulos Ioannis; Manios Thrassyvoulos; Grillakis Manolis; Charalampopoulou Vasiliki,,"<jats:p>&amp;lt;p&amp;gt;Urban green infrastructure in the form of green roofs and vertical gardens is gradually becoming a mainstream development option to mitigate the negative impacts of dense urbanization, and primarily those associated with the urban heat island effect and the consequent vulnerability due to climate change (Nektarios and Ntoulas, 2017). Nevertheless, the quantification of the effect of green infrastructure in comparison to conventional infrastructure as well as tree parks and gardens, can be a challenge in a rapidly changing urban environment, especially due to historical gaps in environmental parameter monitoring. Here we propose the use of land surface temperature (LST) [&amp;lt;sup&amp;gt;o&amp;lt;/sup&amp;gt;C] produced using freely available LandSat imagery at 30 m resolution, to evaluate the effect of green infrastructure on urban surface temperature. The method relies on the comparison of historical LST timeseries of an area of interest which has undergone urban greening interventions with adjacent city blocks that have retained their conventional urban character. The method is applied to evaluate the impact of the recently constructed Eco Campus Orange (ECO) garden, which has resulted from the renovation of 4 city blocks in Paris, France. Within an area over 3 ha, ECO employs environmentally friendly materials and 100,000 plants to feature 2,300 m&amp;lt;sup&amp;gt;2&amp;lt;/sup&amp;gt; of green wall and &amp;amp;#8220;the largest green roof of Europe&amp;amp;#8221;. For the area of interest, over 250 LandSat 5, 7, and 8 multispectral images dating from 2010 to 2020, were analyzed after Ermida et al. (2020). Results show that, since its construction, LST at ECO quickly dropped by over 2 &amp;lt;sup&amp;gt;o&amp;lt;/sup&amp;gt;C, reaching the LST levels of adjacent urban parks. The method is ideal for ambient temperature timeseries reconstruction where long-term monitoring is sparce and can be applied to evaluate drastic landscape changes such as urban greening or vegetation thinning.&amp;lt;/p&amp;gt;&amp;lt;p&amp;gt;&amp;lt;strong&amp;gt;References&amp;lt;/strong&amp;gt;&amp;lt;/p&amp;gt;&amp;lt;p&amp;gt;Ermida, S.L., Soares, P., Mantas, V., G&amp;amp;#246;ttsche, F.M., Trigo, I.F., 2020. Google earth engine open-source code for land surface temperature estimation from the landsat series. Remote Sens. https://doi.org/10.3390/RS12091471&amp;lt;/p&amp;gt;&amp;lt;p&amp;gt;Nektarios, P.A., Ntoulas, N., 2017. Designing green roofs for arid and semi-arid climates. The route towards the adaptive approach, in: Acta Horticulturae. International Society for Horticultural Science, pp. 197&amp;amp;#8211;202. https://doi.org/10.17660/ActaHortic.2017.1189.39&amp;lt;/p&amp;gt;&amp;lt;p&amp;gt;&amp;lt;strong&amp;gt;Acknowledgements&amp;lt;/strong&amp;gt;&amp;lt;/p&amp;gt;&amp;lt;p&amp;gt;The research was co-financed by the European Union and Greek national funds through the Operational Program RIS3Crete (COMPOLIVE: &amp;amp;#922;&amp;amp;#929;&amp;amp;#919;&amp;amp;#929;3-0028773)&amp;lt;/p&amp;gt;&amp;lt;p&amp;gt;The research of MG was co-financed by the European Union and Greek national funds through the Operational Program &amp;quot;Human Resource Development, Education and Lifelong Learning&amp;quot;, under the Act &amp;quot;STRENGTHENING post-doctoral fellows / researchers - B cycle&amp;quot; (MIS 5033021) implemented by the State Scholarship Foundation.&amp;lt;/p&amp;gt;</jats:p>",,,0.583,Include,Include,Matches 7 inclusion term(s).
10.4314/jfas.v13i1.12,10.4314/jfas.v13i1.12,Quantifying the effect of green-roof and urban green infrastructure ratio on urban heat island mitigation -semi-arid climate,2021.0,Sahnoune S .; Benhassine N .; Bourbia F.; Hadbaoui H.,Journal of Fundamental and Applied Sciences,"<jats:p>Green Roof (GR) is one of the most applied strategies to Mitigate Urban Heat Island (UHI) recommended for sustainable cities. This research aims to examine and evaluate the effect of the GR/UGI ratio on UHI mitigation, creating Urban Cool Island (UCI). The study was carried out at Constantine, situated in the East part of Algeria, characterized by a semi-arid climate with high summer solar radiation intensity. An urban climate analysis was conducted during the hottest period of the year by means of remote sensing data using ArcGIS 10.2 platform. The results displayed that vegetation, urban density, and topography strongly affect UHI. Furthermore, other finding results in this research show that fixing GR/UGI ratio (with 0.0063 reduced the average air temperature by 1.24°C) in a large-scale urban area, can reduce the surface temperature by 4.00 degrees of the studied area.</jats:p>",,,0.583,Include,Include,Matches 7 inclusion term(s).
10.3390/w15162983,10.3390/w15162983,Assessing the Cooling Effect of Blue-Green Spaces: Implications for Urban Heat Island Mitigation,2023.0,Pritipadmaja; Garg Rahul Dev; Sharma Ashok K.,Water,"<jats:p>The Urban Heat Island (UHI) effect is a significant concern in today’s rapidly urbanising cities, with exacerbating heatwaves’ impact, urban livelihood, and environmental well-being. This study aims to assess the cooling effect of blue-green spaces in Bhubaneswar, India, and explore their implications for mitigating UHI effects. Satellite images were processed with Google Earth Engine (GEE) to produce information on the blue-green spaces’ land surface temperatures (LST). The Normalised Difference Vegetation Index (NDVI) and Modified Normalised Difference Water Index (MNDWI) were employed to quantify the presence and characteristics of these blue-green spaces. The findings revealed significant spatial variations in the LST, with higher temperatures observed in bare land and built-up areas and lower temperatures in proximity to the blue-green spaces. In addition, a correlation analysis indicated the strong influence of the built-up index (NDBI) on the LST, emphasising the impact of urbanisation on local climate dynamics. The analysis demonstrated the potential of blue-green spaces in reducing surface temperatures and mitigating UHI effects. Based on these results, strategic interventions were proposed, such as increasing the coverage of green spaces, optimising access to water bodies, and integrating water-sensitive design principles into urban planning to enhance the cooling effects and foster a more sustainable and resilient urban environment. This study highlighted the importance of leveraging remote sensing and GEE for urban UHI analyses. It provides valuable insights for policymakers and urban planners to prioritise nature-based solutions for heat mitigation in Bhubaneswar and other similar cities. Future research could delve deeper into a quantitative assessment of the cooling benefits of specific blue-green infrastructure interventions and explore their socio-economic impacts on urban communities.</jats:p>",,,0.583,Include,Include,Matches 7 inclusion term(s).
10.4018/978-1-6684-2462-9.ch005,10.4018/978-1-6684-2462-9.ch005,Blue-Green Infrastructure for Heat Exposure Mitigation,2022.0,Faragallah Riham Nady,Advances in Civil and Industrial Engineering,"<jats:p>Global and regional warming phenomena drive the effect of climate change on cities. Research on urban heat adaptation strategies has been growing, with many studies concentrating on blue and green infrastructure (BGI) as an alternative to grey infrastructure and to minimise the adverse effects of urban heat islands. Building upon investigating the case of Germany, this chapter presents mitigation strategies for Alexandria, Egypt that can reduce the temperature at the urban design level and identify urban heat island effects through BGI and their performance, as well as their importance in achieving sustainable urban development and low-temperature cities. The lessons learned show that BGI is a new approach to city planning that can minimise the impact of human development on functioning natural systems, the quality of life, and the economic consequences. A set of BGI guidelines for Alexandria on how to keep cities cool and improve the city's environment were agreed upon.</jats:p>",,,0.5,Include,Include,Matches 6 inclusion term(s).
10.1016/j.solener.2012.07.003,10.1016/j.solener.2012.07.003,Cooling the cities – A review of reflective and green roof mitigation technologies to fight heat island and improve comfort in urban environments,2014.0,Santamouris M.,Solar Energy,,,,0.5,Include,Include,Matches 6 inclusion term(s).
10.5194/egusphere-egu26-16259,10.5194/egusphere-egu26-16259,Cost-effectiveness of blue-green infrastructure strategies for urban heat mitigation,2026.0,Yin Yuxin; Manoli Gabriele; Cook Lauren,,"<jats:p>Urban heat stress is intensifying under climate change, challenging cities to identify mitigation strategies that are not only effective but also economically viable over long planning periods. Blue Green Infrastructures (BGI), such as trees, bioretention cells, porous pavement, ponds, have been increasingly promoted as a key measure to mitigate heat stress. While some studies have assessed the cooling potential of individual BGI interventions, the effects of combining these elements and their long-term cost-effectiveness under future climates have not yet been thoroughly evaluated. The goal of this study is to evaluate which urban heat mitigation strategies provide the greatest thermal benefits per unit cost over their lifetime.To do so, we used a microclimate model (UT&amp;C) to simulate Universal Thermal Climatic Index (UTCI) within 3 standardized urban canyons across three Swiss cities (Zurich, Geneva, and Lugano). Simulations are conducted for three decadal periods corresponding to present-day conditions (2015–2025, observations), mid-century (2050), and late-century (2080) climates, derived from the convection-permitting COSMO-CLM regional climate model and bias-corrected to the station scale. Across four baseline scenarios characterized by different vegetation quantity and quality, we implement a set of single and combined BGI and management scenarios that vary tree coverage, ground vegetation coverage, vegetation species selection, bioretention cells, porous pavements, ponds, and irrigation strategies. Model outputs of thermal comfort are integrated with cost data from the literature to compute cost-effectiveness metrics.Preliminary results for Zurich indicate that eight individual interventions reduce the median UTCI by -0.1–1.2 °C across the baseline scenarios under current climate conditions. Increased tree coverage consistently shows the strongest cooling performance, particularly under low-vegetation baseline conditions. Future work will assess combined intervention scenarios and their lifetime cost-effectiveness. Overall, this work provides insights for prioritizing urban heat mitigation strategies by jointly considering thermal performance and economic efficiency under climate change.</jats:p>",,,0.5,Include,Include,Matches 6 inclusion term(s).
10.3390/w12123577,10.3390/w12123577,Green Infrastructure as an Urban Heat Island Mitigation Strategy—A Review,2020.0,Balany Fatma; Ng Anne WM; Muttil Nitin; Muthukumaran Shobha; Wong Man Sing,Water,"<jats:p>Research on urban heat mitigation has been growing in recent years with many of the studies focusing on green infrastructure (GI) as a strategy to mitigate the adverse effects of an urban heat island (UHI). This paper aims at presenting a review of the range of findings from GI research for urban heat mitigation through a review of scientific articles published during the years 2009–2020. This research includes a review of the different types of GI and its contribution for urban heat mitigation and human thermal comfort. In addition to analysing different mitigation strategies, numerical simulation tools that are commonly used are also reviewed. It is seen that ENVI-met is one of the modelling tools that is considered as a reliable to simulate different mitigation strategies and hence has been widely used in the recent past. Considering its popularity in urban microclimate studies, this article also provides a review of ENVI-met simulation results that were reported in the reviewed papers. It was observed that the majority of the research was conducted on a limited spatial scale and focused on temperature and human thermal comfort.</jats:p>",,,0.5,Include,Include,Matches 6 inclusion term(s).
10.20944/preprints202009.0018.v1,10.20944/preprints202009.0018.v1,Green Infrastructure as an Urban Heat Island Mitigation Strategy - A Review,2020.0,balany Fatma; Ng A.W.M; Muttil Nitin; Muthukumaran Shobha; Wong Man Sing,,"<jats:p>Research on urban heat mitigation has been growing in recent years with many of the studies focusing on green infrastructure (GI) as a strategy to mitigate the adverse effects of Urban Heat Island (UHI). This paper aims at presenting a review of the range of findings from GI research for urban heat mitigation through a review of scientific articles published during the years 2009-2019. This research includes a review of the different types of GI and its contribution for urban heat mitigation and human thermal comfort. In addition to analyzing different mitigation strategies, numerical simulation tools that are commonly used are also reviewed. It is seen that ENVI-met is one of the modelling tools that is considered as a reliable tool to simulate different mitigation strategies and hence has been widely used in the recent past. Considering its popularity in urban microclimate studies, this article also provides a review of ENVI-met simulation results that were reported in the reviewed papers. It was observed that the majority of the research was conducted on a limited spatial scale and focused on temperature and human thermal comfort.</jats:p>",,,0.5,Include,Include,Matches 6 inclusion term(s).
10.2139/ssrn.4486192,10.2139/ssrn.4486192,Street-Level Urban Heat Island Mitigation: Assessing Cooling Effect of Green Infrastructure Using Urban Iot Sensor Big Data,2023.0,Jang Seonju; Bae Jinhyun; Kim YouJoung,,,,,0.5,Include,Include,Matches 6 inclusion term(s).
10.1016/j.scs.2023.105007,10.1016/j.scs.2023.105007,Street-level urban heat island mitigation: Assessing the cooling effect of green infrastructure using urban IoT sensor big data,2024.0,Jang Seonju; Bae Jinhyun; Kim YouJoung,Sustainable Cities and Society,,,,0.5,Include,Include,Matches 6 inclusion term(s).
10.22214/ijraset.2024.62688,10.22214/ijraset.2024.62688,"Urban Heat Island Mitigation Through Blue, Green &amp; Grey Infrastructure - A Case Study of BMC-Bhubaneswar",2024.0,Parida Tapas Kumar,International Journal for Research in Applied Science and Engineering Technology,"<jats:p>Abstract: The rapid development in urban areas, especially in the central business district can result a number of consequences related to urban heat island (UHI), as it increases both the surface albedo and anthropogenic heat which led to rise the temperature in the certain areas. This research aims to investigate existing actions and determine possible strategies for mitigating UHI, a case study of Bhubaneswar, Odisha.</jats:p>",,,0.5,Include,Include,Matches 6 inclusion term(s).
10.1016/j.ufug.2019.04.014,10.1016/j.ufug.2019.04.014,Cooling Detroit: A socio-spatial analysis of equity in green roofs as an urban heat island mitigation strategy,2019.0,Sanchez Lino; Reames Tony G.,Urban Forestry &amp; Urban Greening,,,,0.5,Include,Include,Matches 6 inclusion term(s).
10.2139/ssrn.6750589,10.2139/ssrn.6750589,"Green Building Certification, Green Infrastructure, and Scale Mismatch in Tropical Urban Heat Mitigation in Indonesia",2026.0,Wazir Zuber  Angkasa; Shari Zalina; M Kamil Erfan,,"<jats:p>Urban heat mitigation in dense tropical cities often follows two intervention logics: building-level measures promoted through green building certification (GBC) and area-based strategies linked to green infrastructure (GI). However, these approaches operate across different spatial and thermal domains. This study examines whether this misalignment helps explain why certified buildings do not necessarily produce broader urban cooling. Using an explanatory sequential mixed-methods design, the study combined a systematic literature review of 35 eligible studies from dense tropical-city contexts with a perception survey of 75 built-environment practitioners in Indonesia. The review mapped mitigation strategies across micro-scale building- and site-based measures and macro-scale GI-based strategies. A quantitative subsample compared reported thermal-change values without assuming direct equivalence across heterogeneous metrics. The survey assessed perceived effectiveness, implementation barriers, and the exploratory association between professional experience and support for area-based strategies. The findings indicate that building- and site-level measures are more often linked to localized indoor, surface, canyon, or near-building benefits. By contrast, area-based ecological strategies are more consistently associated with outdoor, district-level, and city-relevant cooling functions. Practitioner responses followed a similar pattern. Integrated spatial planning and public vegetation received higher effectiveness ratings than building-centered measures, while weak regulation and limited cross-sectoral coordination emerged as major implementation barriers. Conceptually, the study positions scale mismatch as an explanation for the certification paradox in tropical urban heat mitigation. Practically, it suggests that GBC should be treated as a complementary micro-level instrument, while broader cooling policy should prioritize connected ecological networks, public vegetation systems, and formal spatial planning.</jats:p>",,,0.5,Include,Include,Matches 6 inclusion term(s).
10.31706/jees25030091,10.31706/jees25030091,Dynamic Modeling of Urban Heat Island Effect and Mitigation  Strategies Based on Green Infrastructure,2025.0,,Journal of Environment and Energy Systems,,,,0.417,Include,Include,Matches 5 inclusion term(s).
10.1007/978-981-96-8746-6_13,10.1007/978-981-96-8746-6_13,Cost and Benefit of Green Infrastructures in Urban Heat Island Mitigation,2025.0,Azis Shazmin Shareena Ab.; Baskaran Shastitharran,Disaster Risk Reduction,,,,0.417,Include,Include,Matches 5 inclusion term(s).
10.1201/9781003562986-5,10.1201/9781003562986-5,Assessment of Optimal Size of Urban Blue-Green Space Based on Cooling Effect as an Urban Heat Island Mitigation Strategy,2026.0,Kumar Somendra; Sharma Vipasha; Banoo Hakima,Geospatial Technologies,,,,0.417,Include,Include,Matches 5 inclusion term(s).
10.5772/intechopen.115085,10.5772/intechopen.115085,Cooling Effect of Urban Green Space: A Nature-Based Solution for Mitigation of Urban Heat,2024.0,Soltanifard Hadi,Sustainable Development,"<jats:p>Today, urban green space (UGS) is recognized as a nature-based solution to alleviate heat in urban environments by intensifying hot surfaces in urban areas. This chapter aims to provide a comprehensive understanding of the cooling effect of UGS, its characteristics, mechanisms, and their implementation in urban planning and design to combat urban warming concerns. This chapter aims to outline relevant contents in three sections: (1) Cooling effects of UGS: mechanisms and dimensions, which will be allocated to explore the diverse mechanisms that contribute to the cooling performance of UGS in urban areas regarding their physical and spatial features; (2) Quantification of the cooling effect of UGS: methods and implementations. This section will focus on recent quantitative methods and implementations at an urban scale to apply in urban planning and design processes; and (3) Planning and design of cooling cities: urban greening challenges and strategies will provide an overview of urban planning and design approaches, current challenges and recommending effective integrated solutions to improve cooling efficiency.</jats:p>",,,0.417,Include,Include,Matches 5 inclusion term(s).
10.2139/ssrn.5173644,10.2139/ssrn.5173644,"The Role of Green-Blue-Grey Infrastructure in Urban Heat Island Mitigation in Budapest, Hungary",2025.0,Horanyi Agoston  M.; Thorn Jessica,,,,,0.417,Include,Include,Matches 5 inclusion term(s).
10.2139/ssrn.4773511,10.2139/ssrn.4773511,Monitoring Influential Variables to the Cooling Capacity of Green Infrastructure to Mitigate Diurnal Urban Heat Island Effect with Landsat Imagery,2024.0,Liu Chih-chen; Tu Min-cheng; Lin Jhen-yang,,,,,0.417,Include,Include,Matches 5 inclusion term(s).
10.2139/ssrn.4571514,10.2139/ssrn.4571514,Impact of an Enhanced Green Infrastructure on the Canopy Urban Heat Island Effect in the Metropolitan Region of São Paulo,2023.0,Jericó Daminello Stefano; Ribeiro Flávia  Noronha Dutra,,,,,0.333,Include,Include,Matches 4 inclusion term(s).
10.2139/ssrn.4049664,10.2139/ssrn.4049664,"Unravelling the Urban Heat Island Phenomenon in the Netherlands. A Multicity Spatial Analysis on the Distributive component of Environmental Justice, analysing the Urban Green Infrastructure, and the Urban Heat Island Effect.",2022.0,Amado Clara,SSRN Electronic Journal,,,,0.333,Include,Include,Matches 4 inclusion term(s).
10.21275/sr251103183339,10.21275/sr251103183339,"Mitigating the Urban Heat Island Effect in Dense Neighborhoods: Sustainable Materials, Green Infrastructure, and Passive Design Strategies",2025.0,Suri Azarya,International Journal of Science and Research (IJSR),,,,0.333,Include,Include,Matches 4 inclusion term(s).
10.1201/9781003768661-6,10.1201/9781003768661-6,Quantifying Urban Heat Island Mitigation Potential of Urban Green Spaces: A Case Study of Bhopal City,2026.0,Dwivedi Aishwarya; Soni Rajat,Emerging Agenda in Sustainable Infrastructure Development,,,,0.333,Include,Include,Matches 4 inclusion term(s).
10.5194/egusphere-egu21-2514,10.5194/egusphere-egu21-2514,The mitigation effect of urban green infrastructure (UGI) on urban waterlogging,2021.0,Zhang Qifei; Wu Zhifeng; Tarolli Paolo,,"<jats:p>&amp;lt;p&amp;gt;With the acceleration of urbanization, the impervious surfaces of urban areas have increased dramatically, changing the natural water cycle of the city. It is of great significance for the improvement of urban living environment and the risk management of urban waterlogging to fully understand and play the positive role of UGI in alleviating urban waterlogging. This study attempts to identify the critical factors that alleviate urban waterlogging and examine the effectiveness and stability of UGI in mitigating urban waterlogging in multiple locations. We looked at two highly-urbanized Chinese cities (Guangzhou and Shenzhen) in a comparative study. The waterlogging records from 2009 to 2015 were obtained from the local water authority and the UGI was extracted from the 0.5-m resolution remote sensing images. The complex relationship between urban waterlogging and green infrastructure was quantified and compared through partial redundancy analysis and piecewise linear regression after controlling the conditions of topography, precipitation, and drainage network. The results indicated that the spatial distribution of urban waterlogging events presents a strong agglomeration effect, while the clustering pattern varies in different cities. Furthermore, after controlling the impact of elevation, rainfall, and drainage network, the area percentage and biophysical parameters of green infrastructure are the two most important factors to alleviate urban waterlogging. The influence of these two factors on urban waterlogging is consistent in different cities. This result indicates that more attention should be paid to the area size of green infrastructure and its vegetation biophysical parameters to mitigate urban waterlogging magnitude to the greatest extent. However, the area of green infrastructure must be controlled within a certain range in order to play a corresponding role in alleviating urban waterlogging. We also found that the spatial configuration of UGI also matters. Holding UGI&amp;amp;#8217;s composition constant, the degree of urban waterlogging can be reduced by optimizing the spatial configuration of UGI. This finding provides additional insights that the urban waterlogging can be alleviated by balancing the relative composition of UGI as well as by optimizing their spatial configuration, which is particularly important for a highly urbanized area where land resources for UGI are scarce. This study expands our understanding of the complex mechanism of UGI on urban waterlogging mitigation and provides beneficial enlightenment for the design of UGI.&amp;lt;/p&amp;gt;</jats:p>",,,0.333,Include,Include,Matches 4 inclusion term(s).
10.37285/bsp.ic2uhi.43,10.37285/bsp.ic2uhi.43,"Use Urban Green as a Mitigation Strategy to Combat Urban Heat Island Effect: A Case of Puri-Cuttack Road, Bhubaneswar, Odisha",2022.0,Dasgupta Sukanya; Roy Nilanjana; Dudam Bharath Kumar,5th International Conference on Countermeasures to Urban Heat Islands,,,,0.333,Include,Include,Matches 4 inclusion term(s).
10.2139/ssrn.4951874,10.2139/ssrn.4951874,Effective Cooling Networks: Optimizing Corridors for Urban Heat Island Mitigation,2024.0,Rezaei Teimour; Shen Xinyuan; Chaiyarat Rattanawat; Pumijumnong Nathsuda,,,,,0.333,Include,Include,Matches 4 inclusion term(s).
10.1021/acs.est.3c11048.s001,10.1021/acs.est.3c11048.s001,Cooling Effect of Green Spaces on Urban Heat Island in a Chinese Megacity: Increasing Coverage versus Optimizing Spatial Distribution,,,,,,,0.333,Include,Include,Matches 4 inclusion term(s).
10.1007/978-3-031-62293-9_4,10.1007/978-3-031-62293-9_4,Understanding the Role of Blue-Green Infrastructure in Abatement of Urban Heat Island Effect,2024.0,Gupta Kshama; Ghale Bhoomika; Sarath R.; Kaur Ravnish; Roy Arijit,Blue-Green Infrastructure for Sustainable Urban Settlements,,,,0.333,Include,Include,Matches 4 inclusion term(s).
10.4236/ojapps.2024.1411207,10.4236/ojapps.2024.1411207,The Role of Green Infrastructure in Mitigating the Urban Heat Island Effect,2024.0,Yuan Tongfang,Open Journal of Applied Sciences,,,,0.333,Include,Include,Matches 4 inclusion term(s).
10.31219/osf.io/bgtvf,10.31219/osf.io/bgtvf,The assessment of urban heat island effect and mitigation countermeasures,2020.0,Chou Yu-Ching,,"<p>Owing to the urban heat island effect, the urban design and planning have been encountered the severe plights. Based on our observational research show that each year in Taiwan during the summer season, the urban and rural area temperature difference of up to 3-8 ℃; our numerical simulation results show the environmental thermal forcing effect is quite significant during the occurrence period of the urban heat island effect. And environmental wind field was forced to change (from the original northwest wind to southwest wind), a rapid increase in the moisture field (the relative humidity up to 90％), convergence was forced in the low level, upward motion derivative is excited, and result show the unexpected afternoon thunderstorms phenomenon occurred on the urban region.On the vicinity of the architecture building or the urban construction region, planting the large arbor that the carbon sequestration force was strong (about 900 kg / m2 / yr), by thinking about to adjust planting location, direction, height, area, density, and design, to guide the suitable environmental wind field, it will effectively mitigate the urban heat island effect.</p>",,,0.333,Include,Include,Matches 4 inclusion term(s).
10.1016/b978-0-12-812843-5.00019-8,10.1016/b978-0-12-812843-5.00019-8,WSUD and Urban Heat Island Effect Mitigation,2019.0,Jamei Elmira; Tapper Nigel,Approaches to Water Sensitive Urban Design,,,,0.25,Include,Include,Matches 3 inclusion term(s).
10.4324/9781315765839-13,10.4324/9781315765839-13,The effect of evaporative cooling techniques on reducing urban heat SER VA NDOA LVA REZDOMÍNGUEZANDFRANCISCOJOSÉ,2016.0,,Urban Climate Mitigation Techniques,,,,0.25,Include,Include,Matches 3 inclusion term(s).
10.1016/b978-0-323-85539-6.00015-9,10.1016/b978-0-323-85539-6.00015-9,Use of landscape metrics for the mitigation of the surface urban heat island effect in Mediterranean cities,2022.0,Polydoros A.; Cartalis C.; Santamouris M.; Kolokotsa D.,Global Urban Heat Island Mitigation,,,,0.25,Include,Include,Matches 3 inclusion term(s).
10.1016/b978-0-323-85539-6.00017-2,10.1016/b978-0-323-85539-6.00017-2,Urban heat island mitigation and adaptation in China,2022.0,Liu Huimin; Huang Bo; Zhan Qingming; Gao Sihang; Fan Zhiyu,Global Urban Heat Island Mitigation,,,,0.25,Include,Include,Matches 3 inclusion term(s).
10.4324/9781315765839-17,10.4324/9781315765839-17,Urban heat island mitigation technologies: Case studies,2016.0,,Urban Climate Mitigation Techniques,,,,0.25,Include,Include,Matches 3 inclusion term(s).
10.3390/books978-3-0365-0723-1,10.3390/books978-3-0365-0723-1,Urban Heat Island Mitigation Technologies,2021.0,,,,,,0.25,Include,Include,Matches 3 inclusion term(s).
10.1016/c2020-0-02681-2,10.1016/c2020-0-02681-2,Global Urban Heat Island Mitigation,2022.0,,,,,,0.25,Include,Include,Matches 3 inclusion term(s).
10.32657/10356/153374,10.32657/10356/153374,Cool surface as urban heat island effect mitigation strategy for tropical climate,,; D E V S Kiran Kumar,,,,,0.25,Include,Include,Matches 3 inclusion term(s).
10.1016/b978-0-323-85539-6.00007-x,10.1016/b978-0-323-85539-6.00007-x,Urban heat island effect in India,2022.0,Mohan Manju; Bhati Shweta; Sati Ankur Prabhat,Global Urban Heat Island Mitigation,,,,0.167,Include,Include,Matches 2 inclusion term(s).
10.1016/b978-0-323-85539-6.00009-3,10.1016/b978-0-323-85539-6.00009-3,Urban heat island,2022.0,Sultana Sabiha; Satyanarayana A.N.V.,Global Urban Heat Island Mitigation,,,,0.167,Exclude,Exclude,Abstract too short or missing.
10.1016/b978-0-323-85539-6.00010-x,10.1016/b978-0-323-85539-6.00010-x,Investigating the intra-urban urban heat island effect for two subtropical mega-urban regions in China by adopting local climate zone,2022.0,Cai Meng; Wang Ran; Ren Chao; Ng Edward,Global Urban Heat Island Mitigation,,,,0.167,Include,Include,Matches 2 inclusion term(s).
10.1016/b978-0-323-85539-6.00014-7,10.1016/b978-0-323-85539-6.00014-7,Urban heat island in Latin American cities,2022.0,Palme Massimo; Carrasco Claudio,Global Urban Heat Island Mitigation,,,,0.167,Include,Include,Matches 2 inclusion term(s).
10.1016/b978-0-12-803476-7.00007-6,10.1016/b978-0-12-803476-7.00007-6,Evaporation Rate and Evaporative Cooling Effect of Pavement Materials,2016.0,Li Hui,Pavement Materials for Heat Island Mitigation,,,,0.083,Include,Include,Matches 1 inclusion term(s).
